43.703497,1,0
56.478063,0,0
64.818146,0,0
76.814649,0,0
82.656279,0,0
72.502366,0,0
95.391397,0,0
121.977376,0,0
119.903139,0,0
131.676892,0,0
132.191071,0,0
155.446883,0,0
169.742464,0,0
171.456398,0,0
176.089986,0,0
181.461298,0,0
188.74766,0,0
131.978621,0,0
139.211864,0,0
160.348116,0,0
171.546638,0,0
184.209983,0,0
188.749203,0,0
185.138075,0,0
179.653894,0,0
178.055755,0,0
200.629413,0,0
207.281555,0,0
220.855836,0,0
219.701713,0,0
227.416648,0,0
227.2893,0,0
245.90758,0,0
244.067285,0,0
255.913361,0,0
150.17487,0,0
163.236465,0,0
160.349682,0,0
178.799117,0,0
200.573695,0,0
185.161539,0,0
159.460488,0,0
159.950775,0,0
150.912498,0,0
155.064464,0,0
155.254754,0,0
155.503279,0,0
154.834738,0,0
161.444865,0,0
203.256147,0,0
217.374247,0,0
228.082665,0,0
225.05956,0,0
224.459504,0,0
179.431114,0,0
175.456782,0,0
181.413429,0,0
191.219666,0,0
170.595066,0,0
152.483872,0,0
152.278156,0,0
159.372743,0,0
162.60386,0,0
171.346546,0,0
172.029383,0,0
180.847052,0,0
180.961205,0,0
181.217967,0,0
150.567323,0,0
156.274936,1,0
163.524758,0,0
177.083311,0,0
175.551891,0,0
175.265844,0,0
174.733099,0,0
175.973174,0,0
123.493715,0,0
134.076458,0,0
143.672689,0,0
154.648537,0,0
168.34866,0,0
170.010357,0,0
123.58343,0,0
131.750623,0,0
142.108879,0,0
141.103317,0,0
149.095058,0,0
149.793259,0,0
147.582411,0,0
152.596246,0,0
154.234616,0,0
159.39052,0,0
167.278746,0,0
171.341949,0,0
179.102631,0,0
179.468348,0,0
179.275826,0,0
180.502061,0,0
178.461779,0,0
183.095612,0,0
150.463407,0,0
160.110108,0,0
162.890395,0,0
160.987776,0,0
163.002409,0,0
160.495409,0,0
157.596029,0,0
158.729739,0,0
156.247544,0,0
170.101685,0,0
171.911915,0,0
190.822443,0,0
195.668217,0,0
203.602065,0,0
173.155082,0,0
178.713397,0,0
180.944426,0,0
187.828815,0,0
162.216247,0,0
177.368673,0,0
156.607961,0,0
160.224686,0,0
168.0343,0,0
175.435689,0,0
180.428889,0,0
198.558845,0,0
201.652307,0,0
203.03027,0,0
219.866393,0,0
213.656064,0,0
188.970558,0,0
197.393076,0,0
205.666867,0,0
183.118095,0,0
193.219773,0,0
196.03829,0,0
204.318321,0,0
181.290158,0,0
188.86388,0,0
195.609489,0,0
207.703083,0,0
187.093684,0,0
196.919117,0,0
209.670285,0,0
216.257371,0,0
193.311278,0,0
191.438237,0,0
197.446754,0,0
143.805009,0,0
154.165198,0,0
160.540627,0,0
168.733073,0,0
175.692616,0,0
183.889989,0,0
188.71881,0,0
194.617032,0,0
200.777157,0,0
199.330745,0,0
180.941433,0,0
188.767618,0,0
188.955325,0,0
195.407363,0,0
203.793365,0,0
215.864007,0,0
213.499468,0,0
213.053673,0,0
222.178843,0,0
231.729715,0,0
216.865849,0,0
220.462776,0,0
239.891751,0,0
248.44411,0,0
248.222728,0,0
246.242405,0,0
248.18478,0,0
256.423465,0,0
250.100596,0,0
248.225805,0,0
163.014707,0,0
132.449033,0,0
140.900402,0,0
153.977071,0,0
160.528355,0,0
184.802969,0,0
188.474123,0,0
193.317254,0,0
202.812316,0,0
214.190118,0,0
191.297457,0,0
196.434411,0,0
203.571025,0,0
149.986798,0,0
166.903562,0,0
185.251932,0,0
171.770061,0,0
185.939662,0,0
199.532436,0,0
219.780192,0,0
221.478076,0,0
237.279904,0,0
249.364571,0,0
252.62324,0,0
250.39451,0,0
251.745162,0,0
252.225071,0,0
235.853873,0,0
249.338122,0,0
251.519935,0,0
260.533288,0,0
260.768461,0,0
240.026496,0,0
250.799781,0,0
207.64421,0,0
219.321369,0,0
217.960658,0,0
194.899459,0,0
189.07441,0,0
204.186503,0,0
224.902651,0,0
227.557213,0,0
236.112679,0,0
250.403404,0,0
265.63169,0,0
284.732032,0,0
298.807042,0,0
312.55971,0,0
320.028351,0,0
286.620703,0,0
244.237431,0,0
235.138252,0,0
217.696635,0,0
224.651308,0,0
209.175335,0,0
214.209877,0,0
173.491477,0,0
194.574235,0,0
209.819792,0,0
194.087228,0,0
216.190793,0,0
228.102718,0,0
232.272533,0,0
210.21707,0,0
212.788158,0,0
208.915157,0,0
252.790551,0,0
228.173406,0,0
237.676192,0,0
265.206292,0,0
250.19794,0,0
266.533758,0,0
276.128979,0,0
256.595075,0,0
259.63943,0,0
267.467913,0,0
266.836922,0,0
267.393216,0,0
205.836925,0,0
221.952715,0,0
236.666526,0,0
204.42767,0,0
205.782013,0,0
222.2216,0,0
228.725794,0,0
196.957556,0,0
206.980678,0,0
172.278676,0,0
150.690479,0,0
156.604931,0,0
159.36237,0,0
179.009812,0,0
189.746281,0,0
221.433594,0,0
229.811609,0,0
240.599673,0,0
238.890305,0,0
168.527353,0,0
176.223498,0,0
180.476643,0,0
191.933751,0,0
177.380465,0,0
200.553663,0,0
112.004386,0,0
130.274058,0,0
117.29724,0,0
116.520567,0,0
140.006297,0,0
149.468768,0,0
162.951856,0,0
240.493767,0,0
224.64189,0,0
221.056591,0,0
228.06601,0,0
181.242772,0,0
191.700646,0,0
185.202033,0,0
189.363568,0,0
191.877739,0,0
191.105424,0,0
195.926428,0,0
194.151438,0,0
221.673624,0,0
207.735307,0,0
228.297487,0,0
239.252492,0,0
239.15796,0,0
237.979792,0,0
236.089113,0,0
246.800255,0,0
241.059679,0,0
239.036392,0,0
247.188251,0,0
218.9502,0,0
229.848014,0,0
226.671474,0,0
227.536906,0,0
224.670571,0,0
232.018163,0,0
231.7733,0,0
223.823795,0,0
187.318939,0,0
192.951984,0,0
188.943295,0,0
183.799138,0,0
188.200291,0,0
181.68781,0,0
179.486653,0,0
191.987775,0,0
204.338687,0,0
206.600473,0,0
213.842298,0,0
225.274948,0,0
231.208359,0,0
155.457848,0,0
156.129371,0,0
136.103583,0,0
142.867941,0,0
151.966687,0,0
169.4098,0,0
181.122843,0,0
191.716348,0,0
192.381483,0,0
167.15289,0,0
179.241877,0,0
195.476803,0,0
212.985807,0,0
218.526967,0,0
218.003625,0,0
226.137858,0,0
185.290122,0,0
188.20658,0,0
187.542023,0,0
124.41065,0,0
132.13748,0,0
141.153471,0,0
140.114287,0,0
143.066066,0,0
142.285852,0,0
149.242098,0,0
155.114478,0,0
167.105785,0,0
184.44216,0,0
199.664125,0,0
203.462259,0,0
200.537582,0,0
215.10991,0,0
215.787968,0,0
219.91696,0,0
210.753293,0,0
215.574927,0,0
206.458081,0,0
212.487275,0,0
203.395826,0,0
203.974107,0,0
205.07556,0,0
167.314612,0,0
172.93307,0,0
125.758128,0,0
132.532063,0,0
127.52469,0,0
127.774177,0,0
139.123284,0,0
140.325624,0,0
143.22734,0,0
139.929197,0,0
142.348473,0,0
148.740844,0,0
163.713609,0,0
163.628712,0,0
173.05903,0,0
173.368386,0,0
176.08594,0,0
181.60763,0,0
189.586514,0,0
156.296336,0,0
159.54874,0,0
170.996578,0,0
171.557205,0,0
171.998478,0,0
175.212133,0,0
170.562353,0,0
171.434519,0,0
113.404351,0,0
122.644597,0,0
124.315745,0,0
117.667149,0,0
128.677293,0,0
135.794157,0,0
145.026159,0,0
147.998537,0,0
152.629168,0,0
167.200281,0,0
165.218337,0,0
170.926556,0,0
171.507157,0,0
187.681057,0,0
159.711123,0,0
167.933386,0,0
135.267535,0,0
141.717396,0,0
138.86456,0,0
139.812664,0,0
143.608424,0,0
140.063154,0,0
143.744684,0,0
152.812687,0,0
151.909036,0,0
147.896492,0,0
143.031059,0,0
147.304827,0,0
146.834209,0,0
151.338996,0,0
144.034803,0,0
152.401016,0,0
151.883056,0,0
158.17476,0,0
162.871158,0,0
156.074278,0,0
163.290294,0,0
174.24764,0,0
184.222916,0,0
187.759437,0,0
183.547311,0,0
184.15483,0,0
186.985357,0,0
183.702246,0,0
180.589303,0,0
179.263427,0,0
184.931091,0,0
184.442914,0,0
187.902013,0,0
185.138459,0,0
188.981517,0,0
192.129389,0,0
191.858897,0,0
192.225475,0,0
189.606508,0,0
193.322063,0,0
193.650781,0,0
193.917521,0,0
192.937634,0,0
188.821921,0,0
188.845496,0,0
187.469124,0,0
147.813627,0,0
155.994361,0,0
147.755574,0,0
153.12643,0,0
251.096523,0,0
230.051019,0,0
209.44532,0,0
201.620724,0,0
186.705191,0,0
193.645324,0,0
216.784761,0,0
187.46888,0,0
212.260917,0,0
212.845343,0,0
224.223289,0,0
210.349458,0,0
203.321706,0,0
203.438382,0,0
203.386367,0,0
152.380182,0,0
172.382324,0,0
111.164058,0,0
119.828257,0,0
136.476458,0,0
121.157738,0,0
125.49649,0,0
116.308168,0,0
129.554391,0,0
144.813743,0,0
152.669139,0,0
159.472556,0,0
163.484875,0,0
179.54143,0,0
176.562206,0,0
148.121764,0,0
167.315655,0,0
171.326976,0,0
176.489427,0,0
191.769049,0,0
202.877908,0,0
206.752379,0,0
211.760858,0,0
213.891348,0,0
211.377833,0,0
226.784093,0,0
243.383549,0,0
257.037859,0,0
253.718705,0,0
262.280263,0,0
284.675958,0,0
256.789404,0,0
184.662305,0,0
180.608426,0,0
168.390043,0,0
176.804529,0,0
191.938367,0,0
209.740655,0,0
224.159176,0,0
241.552839,0,0
255.632061,0,0
269.222581,0,0
276.840842,0,0
253.33111,0,0
227.394462,0,0
237.24101,0,0
245.532989,0,0
231.274136,0,0
240.75503,0,0
246.24073,0,0
173.562868,0,0
187.951473,0,0
187.448342,1,0
194.624367,0,0
311.204468,0,0
232.187922,0,0
216.205876,0,0
121.437638,0,0
131.314578,0,0
144.441698,0,0
154.151473,0,0
167.610505,0,0
186.065432,0,0
195.756335,0,0
214.028269,0,0
227.614094,0,0
236.12413,0,0
237.727808,0,0
251.412692,0,0
256.31479,0,0
223.072193,0,0
233.785792,0,0
207.722999,0,0
174.091064,0,0
174.32945,0,0
189.287427,0,0
187.898314,0,0
189.49631,0,0
190.146061,0,0
188.81481,0,0
197.714347,0,0
203.924243,0,0
204.131267,0,0
205.082385,0,0
216.194416,0,0
214.909279,0,0
222.006081,0,0
152.544213,0,0
161.969855,0,0
159.868686,0,0
175.630696,0,0
181.194532,0,0
193.735677,0,0
208.2903,0,0
225.295903,0,0
247.352561,0,0
228.101904,0,0
252.832828,0,0
234.411297,0,0
246.731785,0,0
207.766714,0,0
207.483484,0,0
179.244149,0,0
186.080655,0,0
123.048608,0,0
142.063927,0,0
147.4894,0,0
166.032017,0,0
165.685496,0,0
165.739792,0,0
178.792914,0,0
193.873931,0,0
209.66112,0,0
221.614102,0,0
227.973214,0,0
218.234079,0,0
225.18762,0,0
208.591047,0,0
208.399394,0,0
208.274464,0,0
221.243393,0,0
236.5269,0,0
246.750922,0,0
258.800329,0,0
220.301813,0,0
227.483289,0,0
189.014768,0,0
171.488247,0,0
181.725275,0,0
164.26695,0,0
181.925326,0,0
195.04037,0,0
207.903934,0,0
218.159447,0,0
225.259682,0,0
214.282898,0,0
227.300601,0,0
188.679015,0,0
195.689853,0,0
213.494434,0,0
227.317488,0,0
245.12357,0,0
259.507526,0,0
276.70679,0,0
285.638108,0,0
259.759705,0,0
268.939895,0,0
276.030466,0,0
284.183418,0,0
256.469685,0,0
267.391115,0,0
271.429638,0,0
239.339857,0,0
188.996311,0,0
204.844281,0,0
166.836943,0,0
187.471519,0,0
200.970003,0,0
186.716605,0,0
181.997506,0,0
188.963065,0,0
196.609136,0,0
205.350524,0,0
221.527119,0,0
233.389969,0,0
219.244476,0,0
231.692046,0,0
223.119381,0,0
231.569372,0,0
222.874173,0,0
237.506687,0,0
214.945939,0,0
229.510711,0,0
235.724208,0,0
252.15881,0,0
390.011857,0,0
372.290053,0,0
348.062993,0,0
322.569309,0,0
303.266764,0,0
245.71492,0,0
258.20797,0,0
257.323695,0,0
229.165087,0,0
202.340536,0,0
211.808738,0,0
206.439909,0,0
223.307638,0,0
239.912415,0,0
250.941607,0,0
268.03649,0,0
283.476971,0,0
232.923531,0,0
223.979693,0,0
232.117256,0,0
218.112267,0,0
219.816165,0,0
204.291061,0,0
215.864955,0,0
197.696086,0,0
208.059642,0,0
221.474523,0,0
232.14904,0,0
253.641102,0,0
273.237302,0,0
276.574168,0,0
228.449413,0,0
94.709662,0,0
108.783363,0,0
125.191065,0,0
137.577308,0,0
153.938843,0,0
167.992813,0,0
176.802026,0,0
170.134599,0,0
172.561873,0,0
180.592482,0,0
156.543549,0,0
164.821881,0,0
170.794781,0,0
187.354723,0,0
196.157764,0,0
207.038496,0,0
215.981361,0,0
186.785319,0,0
192.728198,0,0
191.251203,0,0
155.616106,0,0
167.914332,0,0
164.998587,0,0
173.909767,0,0
189.139066,0,0
198.829505,0,0
213.998393,0,0
220.457955,0,0
188.494893,0,0
188.448137,0,0
187.458855,0,0
171.322887,0,0
182.746264,0,0
181.579142,0,0
195.916488,0,0
207.297723,0,0
146.744507,0,0
150.747925,0,0
149.4739,0,0
157.457322,0,0
159.051217,0,0
155.945921,0,0
154.369353,0,0
156.470242,0,0
155.957137,0,0
165.259489,0,0
170.93922,0,0
182.917148,0,0
187.359233,0,0
196.114485,0,0
203.082611,0,0
142.800977,0,0
154.869574,0,0
154.62587,0,0
121.92981,0,0
137.496131,0,0
153.198605,0,0
150.545542,0,0
155.023069,0,0
159.332859,0,0
160.974878,0,0
171.023932,0,0
177.860294,0,0
196.441225,0,0
209.779663,0,0
222.627143,0,0
233.715062,0,0
235.122136,0,0
241.932029,0,0
252.991742,0,0
259.529024,0,0
282.544377,0,0
291.747964,0,0
308.229674,0,0
241.49211,0,0
236.807117,0,0
234.729562,0,0
188.516495,0,0
208.180238,0,0
220.224007,0,0
244.891924,0,0
226.210082,0,0
241.018331,0,0
232.680607,0,0
253.618233,0,0
228.060717,0,0
189.385183,0,0
215.378226,0,0
200.402174,0,0
192.907398,0,0
372.713154,0,0
372.164612,0,0
348.398126,0,0
356.3016,0,0
173.73904,0,0
167.294003,0,0
177.030506,0,0
194.162255,0,0
208.317936,0,0
229.543969,0,0
229.034088,0,0
211.406092,0,0
198.091333,0,0
195.857191,0,0
177.205887,0,0
191.589928,0,0
192.759685,0,0
196.117243,0,0
188.362011,0,0
213.948335,0,0
214.352398,0,0
212.694362,0,0
223.956417,0,0
201.273193,0,0
204.171976,0,0
201.059091,0,0
199.388611,0,0
194.983167,0,0
204.514548,0,0
196.418478,0,0
187.431425,0,0
200.825239,0,0
211.781821,0,0
218.325006,0,0
163.322557,0,0
147.185158,0,0
162.824791,0,0
168.212881,0,0
160.438714,0,0
179.109693,0,0
190.558607,0,0
189.436407,0,0
193.759327,0,0
199.002248,0,0
194.813934,0,0
195.047835,0,0
196.069149,0,0
183.55118,0,0
195.510905,0,0
199.693671,0,0
207.75036,0,0
195.408154,0,0
199.329179,0,0
186.730142,0,0
181.92168,0,0
182.897252,0,0
187.008803,0,0
188.074817,0,0
199.033161,0,0
194.583965,0,0
190.981153,0,0
193.371766,0,0
188.893821,0,0
183.319823,0,0
186.565482,0,0
187.11938,0,0
190.532017,0,0
194.825678,0,0
159.988465,0,0
103.528493,0,0
98.501949,0,0
94.701958,0,0
86.544132,0,0
91.545634,0,0
111.474703,0,0
134.640754,0,0
118.38252,0,0
123.23675,0,0
124.01345,0,0
131.340065,0,0
146.890788,0,0
155.401214,0,0
172.281663,0,0
188.235256,0,0
199.785597,0,0
203.460875,0,0
211.470139,0,0
192.858964,0,0
199.362811,0,0
214.050465,0,0
160.176377,0,0
191.330999,0,0
193.60324,0,0
194.970529,0,0
190.473795,0,0
197.122282,0,0
203.013611,0,0
171.827487,0,0
163.388141,0,0
159.004735,0,0
162.926972,0,0
155.335388,0,0
162.705978,0,0
164.394029,0,0
171.697814,0,0
174.435202,0,0
178.53481,0,0
192.569226,0,0
200.886958,0,0
196.25923,0,0
199.749413,0,0
203.784502,0,0
207.196269,0,0
343.962913,0,0
319.698644,0,0
289.730047,0,0
234.650415,0,0
201.036369,0,0
181.611988,0,0
187.761189,0,0
191.516357,0,0
198.933516,0,0
199.463974,0,0
201.107662,0,0
208.732463,0,0
195.126889,0,0
197.146108,0,0
204.001046,0,0
207.8626,0,0
205.315443,0,0
142.113322,0,0
139.334767,0,0
143.47081,0,0
147.272736,0,0
150.407414,0,0
150.701277,0,0
150.931797,0,0
151.251852,0,0
163.367759,0,0
172.309208,0,0
180.275736,0,0
179.752884,0,0
184.359785,0,0
133.917225,0,0
140.745106,0,0
135.086505,0,0
144.931615,0,0
146.87665,0,0
154.796142,0,0
157.648767,0,0
162.796555,0,0
183.644209,0,0
201.066043,0,0
229.049901,0,0
240.010492,0,0
256.619652,0,0
264.626418,0,0
245.516897,0,0
268.877,0,0
271.631497,0,0
233.298856,0,0
167.454316,0,0
146.693381,0,0
164.313228,0,0
165.427523,0,0
190.746505,0,0
195.915591,0,0
207.182447,0,0
185.621657,0,0
188.365631,0,0
202.994483,0,0
218.522456,0,0
228.184574,0,0
148.526625,0,0
173.243772,0,0
180.486613,0,0
200.248854,0,0
208.108932,0,0
212.545811,0,0
184.613362,0,0
212.640691,0,0
203.215873,0,0
210.923226,0,0
216.307379,0,0
226.067163,0,0
161.22733,0,0
168.75046,0,0
185.68846,0,0
190.924267,0,0
177.062127,0,0
187.744633,0,0
194.04923,0,0
149.803518,0,0
165.063808,0,0
167.052598,0,0
163.842862,0,0
166.46593,0,0
164.111148,0,0
168.126328,0,0
176.219036,0,0
192.166784,0,0
187.270352,0,0
179.270752,0,0
139.10615,0,0
128.244385,0,0
128.773403,0,0
128.310345,0,0
144.744544,0,0
145.720545,0,0
163.226341,0,0
194.373478,0,0
187.873995,0,0
192.264949,0,0
192.107361,0,0
193.176224,0,0
192.219703,0,0
193.504018,0,0
197.314386,0,0
205.030271,0,0
204.484848,0,0
204.931273,0,0
219.792208,0,0
189.108032,0,0
180.444199,0,0
192.089287,0,0
205.15857,0,0
206.384246,0,0
207.590596,0,0
237.074924,0,0
240.146892,0,0
157.437748,0,0
65.926405,0,0
69.004717,0,0
69.795415,0,0
78.171966,0,0
95.332276,0,0
113.11467,0,0
110.709073,0,0
106.538387,0,0
107.418058,0,0
115.904399,0,0
111.541399,0,0
113.333646,0,0
113.107727,0,0
119.205786,0,0
124.95889,0,0
141.116016,0,0
156.329698,0,0
164.875277,0,0
171.383991,0,0
186.210226,0,0
185.848478,0,0
190.317219,0,0
187.101826,0,0
170.750558,0,0
185.379553,0,0
206.949609,0,0
236.057811,0,0
245.8575,0,0
252.369129,0,0
279.253765,0,0
259.375779,0,0
118.889179,0,0
131.614884,0,0
139.537345,0,0
145.710203,0,0
151.407875,0,0
169.371688,0,0
176.30305,0,0
342.843963,0,0
353.991839,0,0
359.085031,0,0
361.166847,0,0
357.587271,0,0
178.163639,0,0
181.263358,0,0
185.612225,0,0
188.584806,0,0
205.313833,0,0
213.375848,0,0
211.741727,0,0
215.868937,0,0
221.00628,0,0
161.910762,0,0
165.303668,0,0
163.896408,0,0
164.391522,0,0
160.826628,0,0
154.944223,0,0
167.079047,0,0
173.580103,0,0
182.873249,0,0
183.972784,0,0
188.278709,0,0
187.249383,0,0
158.353585,0,0
185.786088,0,0
200.831877,0,0
203.378419,0,0
193.631026,0,0
217.636935,0,0
134.030787,0,0
141.807379,0,0
137.843556,0,0
142.478302,0,0
157.543087,0,0
163.976074,0,0
172.824794,0,0
165.635002,0,0
154.806177,0,0
155.632782,0,0
141.554317,0,0
161.628324,0,0
160.052225,0,0
179.909476,0,0
188.489792,0,0
168.076291,0,0
183.719658,0,0
172.445037,0,0
176.900341,0,0
175.774148,0,0
181.769465,0,0
187.592089,0,0
193.069483,0,0
238.099691,0,0
217.274567,0,0
224.096063,0,0
235.830147,0,0
242.385175,0,0
233.056723,0,0
229.457362,0,0
254.557185,0,0
264.447809,0,0
183.715578,0,0
181.897513,0,0
168.858354,0,0
167.941155,0,0
180.922805,0,0
195.61551,0,0
213.720226,0,0
221.835831,0,0
72.666059,0,0
86.183401,0,0
85.582867,0,0
77.833805,0,0
77.159582,0,0
92.311619,0,0
104.435352,0,0
121.110748,0,0
119.765239,0,0
104.084718,0,0
108.102021,0,0
116.648627,0,0
124.676709,0,0
132.68541,0,0
138.933393,0,0
148.691401,0,0
158.033806,0,0
167.470481,0,0
181.239973,0,0
181.176559,0,0
180.153508,0,0
180.541631,0,0
148.661819,0,0
158.855515,0,0
155.593183,0,0
163.87354,0,0
163.942393,0,0
164.237931,0,0
171.44243,0,0
172.165648,0,0
173.127025,0,0
170.75053,0,0
171.932619,0,0
149.626514,0,0
156.406948,0,0
156.475463,0,0
167.278344,0,0
182.655036,0,0
196.067689,0,0
216.558705,0,0
227.968606,0,0
245.412059,0,0
242.132696,0,0
252.668236,0,0
260.361593,0,0
268.169268,0,0
220.972395,0,0
204.570662,0,0
213.8718,0,0
227.426675,0,0
207.112914,0,0
220.620151,0,0
237.331141,0,0
214.607955,0,0
196.737401,0,0
211.840101,0,0
227.282335,0,0
220.538837,0,0
227.530409,0,0
245.079063,0,0
227.332639,0,0
208.944082,0,0
429.351929,0,0
408.837069,0,0
357.095451,0,0
270.110502,0,0
250.797416,0,0
232.413995,0,0
164.862878,0,0
169.451047,0,0
182.18143,0,0
157.962706,0,0
172.799558,0,0
172.15715,0,0
182.019372,0,0
187.83105,0,0
195.134571,0,0
171.875481,0,0
172.112988,0,0
182.131765,0,0
187.122799,0,0
200.491761,0,0
230.822739,0,0
239.289399,0,0
254.842972,0,0
274.063874,0,0
281.435048,0,0
278.984587,0,0
248.49421,0,0
247.714556,0,0
197.410887,0,0
164.327313,0,0
168.401607,0,0
164.114517,0,0
175.565292,0,0
184.188062,0,0
179.375194,0,0
170.103717,0,0
167.437897,0,0
178.72373,0,0
180.006412,0,0
180.144719,0,0
182.385847,0,0
194.961648,0,0
189.037205,0,0
199.751882,0,0
200.720639,0,0
205.36473,0,0
217.280757,0,0
216.663957,0,0
227.322158,0,0
103.215907,0,0
79.670216,0,0
79.266986,0,0
83.922728,0,0
90.300203,0,0
92.114773,0,0
110.70904,0,0
125.369118,0,0
124.344261,0,0
127.526393,0,0
134.87558,0,0
147.349766,0,0
164.121002,0,0
170.680704,0,0
194.276376,0,0
194.522854,0,0
199.482582,0,0
208.147761,0,0
166.74397,0,0
180.210001,0,0
192.774646,0,0
191.675772,0,0
169.535588,0,0
165.350236,0,0
151.027999,0,0
146.868901,0,0
148.733259,0,0
154.891862,0,0
160.959135,0,0
160.824953,0,0
175.271741,0,0
200.950608,0,0
215.926049,0,0
217.048906,0,0
226.902622,0,0
220.96467,0,0
198.09777,0,0
218.665431,0,0
220.259641,0,0
222.535832,0,0
215.942409,0,0
225.075024,0,0
199.110884,0,0
201.152061,0,0
221.67817,0,0
227.870212,0,0
229.069205,0,0
227.107863,0,0
228.932344,0,0
248.026633,0,0
241.793852,0,0
245.025128,0,0
262.658971,0,0
281.452213,0,0
254.142342,0,0
195.468934,0,0
194.545572,0,0
207.587033,0,0
226.961952,0,0
226.625041,0,0
239.531009,0,0
252.732868,0,0
212.973297,0,0
209.035055,0,0
210.334771,0,0
175.467872,0,0
172.593687,0,0
183.692597,0,0
164.545145,0,0
160.424715,0,0
162.068597,0,0
187.242459,0,0
198.937505,0,0
202.204622,0,0
199.573483,0,0
214.674617,0,0
191.164725,0,0
139.765282,0,0
140.647042,0,0
151.170197,0,0
163.580588,0,0
182.183744,0,0
183.746656,0,0
192.460019,0,0
200.310092,0,0
213.221184,0,0
228.311118,0,0
241.73053,0,0
248.059572,0,0
173.47811,0,0
160.538235,0,0
165.463709,0,0
158.836913,0,0
177.853881,0,0
188.203089,0,0
196.071869,0,0
209.784521,0,0
194.009788,0,0
226.21901,0,0
213.301078,0,0
225.229264,0,0
223.8501,0,0
224.208974,0,0
222.461348,0,0
225.313008,0,0
235.423997,0,0
211.286462,0,0
188.491044,0,0
198.27559,0,0
192.188648,0,0
180.009876,0,0
193.100567,0,0
185.631711,0,0
193.372229,0,0
193.614207,0,0
217.064367,0,0
189.732195,0,0
193.025254,0,0
199.961695,0,0
213.354536,0,0
192.793459,0,0
204.88446,0,0
216.016169,0,0
267.303307,0,0
271.881917,0,0
275.717729,0,0
318.574501,0,0
322.913948,0,0
321.281682,0,0
291.497921,0,0
312.572953,0,0
265.855035,0,0
245.777791,0,0
245.299325,0,0
247.38729,0,0
226.876268,0,0
235.849901,0,0
247.902146,0,0
188.22585,0,0
200.548319,0,0
219.940999,0,0
186.041907,0,0
197.582565,0,0
213.143008,0,0
200.30451,0,0
171.476925,0,0
188.849942,0,0
194.111084,0,0
207.440252,0,0
186.830176,0,0
194.756986,0,0
191.444011,0,0
191.777368,0,0
157.902754,0,0
155.706314,0,0
165.371817,0,0
184.188565,0,0
193.041811,0,0
204.660945,0,0
473.965502,0,0
480.585343,0,0
455.915953,0,0
463.572936,0,0
441.413326,0,0
192.494955,0,0
187.503533,0,0
195.711934,0,0
182.428889,0,0
188.375065,0,0
196.128892,0,0
204.033459,0,0
215.950169,0,0
221.310793,0,0
231.088666,0,0
236.294497,0,0
248.987324,0,0
223.552693,0,0
224.80735,0,0
223.249827,0,0
223.452395,0,0
164.145598,0,0
172.606133,0,0
180.871768,0,0
184.319101,0,0
172.175799,0,0
181.505397,0,0
186.636746,0,0
187.425459,0,0
195.816121,0,0
184.295765,0,0
187.534889,0,0
197.918541,0,0
203.901148,0,0
216.333844,0,0
219.85131,0,0
229.612382,0,0
235.476218,0,0
245.585445,0,0
235.68337,0,0
247.468833,0,0
252.407181,0,0
261.69512,0,0
215.311828,0,0
221.302928,0,0
209.805145,0,0
216.936009,0,0
223.166174,0,0
240.05201,0,0
247.987726,0,0
255.425543,0,0
271.740995,0,0
214.918484,0,0
195.298886,0,0
212.103822,0,0
179.328573,0,0
176.016524,0,0
183.137227,0,0
122.467898,0,0
129.210419,0,0
143.008515,0,0
144.289657,0,0
150.128853,0,0
156.31208,0,0
163.371603,0,0
171.170456,0,0
175.290744,0,0
175.683039,0,0
178.438832,0,0
186.165454,0,0
163.696079,0,0
172.627506,0,0
171.051652,0,0
137.098221,0,0
139.53136,0,0
156.147147,0,0
156.328884,0,0
156.155405,0,0
156.468994,0,0
156.16036,0,0
156.601737,0,0
157.347295,0,0
155.112815,0,0
155.430247,0,0
156.613076,0,0
156.534241,0,0
152.175553,0,0
154.67586,0,0
156.51838,0,0
158.724711,0,0
167.169885,0,0
179.692376,0,0
188.355025,0,0
188.390857,0,0
187.409785,0,0
153.295281,0,0
164.625112,0,0
172.31166,0,0
171.126431,0,0
171.806675,0,0
170.809199,0,0
174.866887,0,0
112.954232,0,0
121.693093,0,0
121.05661,0,0
124.384229,0,0
132.064935,0,0
146.12724,0,0
149.415167,0,0
155.412561,0,0
156.990147,0,0
160.851841,0,0
175.209982,0,0
175.327359,0,0
180.213171,0,0
179.295594,0,0
188.411823,0,0
130.148852,0,0
134.812011,0,0
147.233966,0,0
153.513131,0,0
157.906087,0,0
157.382185,0,0
161.274196,0,0
159.194566,0,0
159.813448,0,0
156.736895,0,0
156.122718,0,0
162.735778,0,0
171.038295,0,0
171.073531,0,0
180.948844,0,0
182.657899,0,0
187.689625,0,0
188.039778,0,0
199.332042,0,0
207.368178,0,0
212.84915,0,0
217.966061,0,0
216.141767,0,0
219.845517,0,0
227.484161,0,0
219.421484,0,0
232.321953,0,0
232.900729,0,0
240.07447,0,0
252.760528,0,0
264.096294,0,0
268.035145,0,0
254.633212,0,0
271.267605,0,0
275.308914,0,0
267.851171,0,0
63.22012,0,0
73.668467,0,0
83.610463,0,0
111.858831,0,0
117.062781,0,0
112.90172,0,0
127.200473,0,0
128.411992,0,0
133.92026,0,0
127.689115,0,0
473.114097,0,0
444.585057,0,0
425.853151,0,0
238.604644,0,0
179.581463,0,0
189.713028,0,0
193.536637,0,0
176.337729,0,0
177.375874,0,0
170.994919,0,0
188.765157,0,0
172.088921,0,0
175.731754,0,0
176.903384,0,0
191.378111,0,0
188.10706,0,0
145.679374,0,0
144.095481,0,0
150.461576,0,0
152.720387,0,0
158.243692,0,0
148.765865,0,0
159.86865,0,0
171.931549,0,0
171.87048,0,0
172.082497,0,0
187.96889,0,0
187.599848,0,0
159.266609,0,0
183.972965,0,0
205.316381,0,0
212.35388,0,0
229.268756,0,0
251.532558,0,0
268.280012,0,0
282.039741,0,0
248.518101,0,0
261.294039,0,0
286.561076,0,0
288.670021,0,0
252.975738,0,0
264.827552,0,0
245.379821,0,0
227.685807,0,0
228.719131,0,0
244.905814,0,0
255.896957,0,0
270.875366,0,0
256.862778,0,0
232.305417,0,0
189.221223,0,0
193.66463,0,0
209.152135,0,0
216.889082,0,0
204.873973,0,0
185.639337,0,0
140.155117,0,0
154.250896,0,0
164.615656,0,0
185.991782,0,0
196.929167,0,0
217.689531,0,0
229.703628,0,0
238.574221,0,0
247.926407,0,0
253.178609,0,0
235.974795,0,0
247.481728,0,0
265.599862,0,0
194.45695,0,0
206.37084,0,0
191.022894,0,0
156.969391,0,0
164.125227,0,0
177.593929,0,0
205.695787,0,0
209.808216,0,0
224.769238,0,0
239.890037,0,0
253.643439,0,0
208.924491,0,0
210.629422,0,0
144.857546,0,0
158.531987,0,0
176.642759,0,0
189.27714,0,0
195.928786,0,0
204.893993,0,0
221.154593,0,0
180.717441,0,0
204.713851,0,0
213.520127,0,0
200.290639,0,0
217.359758,0,0
221.597034,0,0
193.277132,0,0
236.862727,0,0
256.960178,0,0
266.969211,0,0
270.956894,0,0
183.358983,0,0
191.694697,0,0
200.726704,0,0
176.696274,0,0
192.411652,0,0
201.38323,0,0
219.109593,0,0
220.648733,0,0
227.540987,0,0
243.054485,0,0
240.866228,0,0
251.813143,0,0
191.772902,0,0
196.937314,0,0
112.848458,0,0
129.212103,0,0
124.687272,0,0
124.051261,0,0
132.375875,0,0
153.077785,0,0
162.937174,0,0
175.834886,0,0
199.1707,0,0
224.592648,0,0
229.476624,0,0
237.150479,0,0
49.947952,0,0
56.273296,0,0
58.081396,0,0
66.890037,0,0
75.222687,0,0
74.182508,0,0
81.265677,0,0
114.288938,0,0
120.134565,0,0
149.09111,0,0
158.339246,0,0
180.415577,0,0
197.255771,0,0
217.751265,0,0
235.919424,0,0
245.479411,0,0
228.64098,0,0
210.554878,0,0
223.91867,0,0
209.824476,0,0
224.980433,0,0
236.273638,0,0
243.572409,0,0
255.927302,0,0
246.096468,0,0
259.847914,0,0
228.364605,0,0
244.506059,0,0
244.083582,0,0
219.707086,0,0
233.011954,0,0
243.426928,0,0
259.837644,0,0
205.147948,0,0
218.938804,0,0
237.593313,0,0
213.684694,0,0
219.255257,0,0
218.821181,0,0
147.403433,0,0
143.521616,0,0
145.092974,0,0
154.375668,0,0
147.568168,0,0
160.712574,0,0
177.363865,0,0
195.766608,0,0
205.302174,0,0
206.686812,0,0
209.678881,0,0
226.884162,0,0
193.671025,0,0
198.650439,0,0
207.376397,0,0
207.537386,0,0
191.574475,0,0
198.482198,0,0
208.79486,0,0
195.949685,0,0
155.266025,0,0
169.930016,0,0
169.394996,0,0
182.512581,0,0
192.711521,0,0
203.637454,0,0
210.887756,0,0
212.459885,0,0
226.36496,0,0
205.23248,0,0
204.863714,0,0
215.224884,0,0
170.780268,0,0
174.032443,0,0
163.902668,0,0
168.175174,0,0
159.120309,0,0
167.746526,0,0
183.717366,0,0
191.949382,0,0
203.984675,0,0
204.811141,0,0
210.917015,0,0
199.646893,0,0
204.093635,0,0
211.221451,0,0
210.318439,0,0
219.187037,0,0
238.516506,0,0
232.365037,0,0
220.583853,0,0
146.649378,0,0
151.162393,0,0
143.71465,0,0
147.709721,0,0
144.148939,0,0
138.758089,0,0
149.354964,0,0
167.167636,0,0
186.086433,0,0
195.004372,0,0
197.946553,0,0
200.36259,0,0
207.301535,0,0
207.270684,0,0
203.983575,0,0
180.091161,0,0
186.544085,0,0
152.87135,0,0
150.742345,0,0
155.902716,0,0
142.764983,0,0
142.751172,0,0
144.810381,0,0
159.009968,0,0
172.407481,0,0
169.207674,0,0
171.887457,0,0
148.86913,0,0
158.405968,0,0
177.268855,0,0
175.142515,0,0
181.315695,0,0
192.230391,0,0
187.140101,0,0
162.384243,0,0
170.139892,0,0
166.023609,0,0
174.259696,0,0
181.42518,0,0
188.620773,0,0
207.465308,0,0
223.543411,0,0
220.297633,0,0
197.236958,0,0
195.45911,0,0
172.778819,0,0
183.412184,0,0
186.825918,0,0
190.429258,0,0
537.525938,0,0
549.431832,0,0
553.972507,0,0
543.791765,0,0
549.822198,0,0
226.425212,0,0
210.073616,0,0
211.749859,0,0
216.633203,0,0
215.548793,0,0
223.852846,0,0
232.685781,0,0
232.140238,0,0
242.414927,0,0
250.739196,0,0
216.313009,0,0
228.379619,0,0
235.063858,0,0
234.764497,0,0
171.281856,0,0
179.221708,0,0
188.573384,0,0
164.967881,0,0
186.793879,0,0
215.353879,0,0
230.444611,0,0
236.303793,0,0
234.663668,0,0
256.090075,0,0
255.772298,0,0
270.096799,0,0
263.442093,0,0
276.890055,0,0
229.656363,0,0
235.601488,0,0
125.23554,0,0
127.819245,0,0
139.569022,0,0
148.104962,0,0
162.083357,0,0
164.456231,1,0
175.142989,0,0
187.724998,0,0
205.782331,0,0
217.862916,0,0
230.10485,0,0
220.892314,0,0
227.371511,0,0
214.853394,0,0
214.42573,0,0
226.749368,0,0
248.535051,0,0
220.085734,0,0
232.073431,0,0
250.854991,0,0
255.838719,0,0
256.495665,0,0
252.425925,0,0
258.653137,0,0
259.162557,0,0
260.665301,0,0
237.199477,0,0
204.218233,0,0
205.114759,0,0
127.249473,0,0
127.287403,0,0
131.288325,0,0
132.641289,0,0
146.34777,0,0
149.456863,0,0
159.664117,0,0
145.433595,0,0
136.42458,0,0
132.168726,0,0
156.666498,0,0
162.336951,0,0
164.133132,0,0
160.611937,0,0
150.783251,0,0
174.857576,0,0
180.27248,0,0
183.384356,0,0
203.970402,0,0
228.34575,0,0
230.734441,0,0
233.239937,0,0
242.531291,0,0
184.48078,0,0
147.974459,0,0
147.133143,0,0
154.562594,0,0
155.793798,0,0
163.257146,0,0
185.059231,0,0
188.841389,0,0
208.152466,0,0
216.33221,0,0
224.171851,0,0
213.157015,0,0
213.868003,0,0
196.862342,0,0
208.233144,0,0
216.558335,0,0
229.429389,0,0
236.040951,0,0
241.680971,0,0
249.610744,0,0
253.389891,0,0
222.34219,0,0
237.319035,0,0
246.764889,0,0
248.668298,0,0
260.052632,0,0
236.02342,0,0
254.083435,0,0
216.147278,0,0
219.377776,0,0
220.554443,0,0
220.503102,0,0
189.006751,0,0
192.797898,0,0
155.982863,0,0
156.820248,0,0
163.812379,0,0
184.703778,0,0
193.020129,0,0
212.501399,0,0
224.987513,0,0
233.223902,0,0
216.502562,0,0
216.802241,0,0
205.212601,0,0
147.112097,0,0
148.857427,0,0
167.048211,0,0
172.116523,0,0
181.265322,0,0
191.903639,0,0
220.156817,0,0
211.93344,0,0
232.479633,0,0
208.460355,0,0
215.638476,0,0
181.46679,0,0
148.420098,0,0
160.502124,0,0
129.458407,0,0
136.23705,0,0
150.458724,0,0
155.211903,0,0
154.63304,0,0
164.212805,0,0
163.175048,0,0
181.559317,0,0
191.010587,0,0
203.161949,0,0
207.016797,0,0
224.027329,0,0
208.717502,0,0
221.015778,0,0
224.923672,0,0
204.454239,0,0
219.153574,0,0
252.695209,0,0
268.246706,0,0
264.287449,0,0
286.185499,0,0
260.267056,0,0
222.603084,0,0
228.80872,0,0
213.71185,0,0
227.556216,0,0
231.40727,0,0
230.502177,0,0
230.566786,0,0
595.20859,0,0
537.86967,0,0
500.915265,0,0
494.388071,0,0
472.270522,0,0
285.339133,0,0
243.290429,0,0
171.988771,0,0
166.952074,0,0
163.580696,0,0
140.443186,0,0
138.795487,0,0
151.998364,0,0
160.452512,0,0
166.114928,0,0
154.140837,0,0
148.95497,0,0
147.96322,0,0
152.249424,0,0
159.102398,0,0
173.704299,0,0
182.614201,0,0
192.287223,0,0
193.067892,0,0
209.641587,0,0
208.679797,0,0
208.532766,0,0
178.620311,0,0
180.959497,0,0
161.772996,0,0
166.637252,0,0
162.220889,0,0
174.912803,0,0
185.454579,0,0
196.588405,0,0
212.277616,0,0
228.051195,0,0
241.942558,0,0
245.91167,0,0
248.68798,0,0
252.924111,0,0
186.748075,0,0
198.524163,0,0
204.478635,0,0
237.070634,0,0
250.329278,0,0
240.23181,0,0
258.730258,0,0
281.292665,1,0
283.757114,0,0
219.250133,0,0
216.447533,0,0
218.268825,0,0
165.251311,0,0
181.598949,0,0
156.374729,0,0
163.986146,1,0
181.271828,0,0
178.104105,0,0
179.194836,0,0
181.757229,0,0
168.947381,0,0
163.69885,0,0
202.658519,0,0
213.630659,0,0
219.819342,0,0
235.342039,0,0
252.115602,1,0
206.93691,0,0
223.116137,0,0
218.503068,0,0
212.184946,0,0
188.833961,0,0
155.405066,0,0
182.901301,0,0
188.525848,0,0
206.285097,0,0
207.681641,0,0
217.109593,0,0
202.812933,0,0
172.769623,0,0
172.2379,0,0
188.006111,0,0
187.560896,0,0
193.545455,0,0
150.173675,0,0
128.064297,0,0
131.131569,0,0
133.233808,0,0
160.5989,0,0
188.481448,0,0
203.161848,0,0
211.507458,0,0
220.707024,0,0
227.500534,0,0
236.692703,0,0
251.609883,0,0
231.587685,1,0
224.469022,0,0
239.857822,0,0
229.687742,0,0
227.896012,0,0
209.936192,0,0
234.909072,0,0
242.99959,0,0
229.534648,0,0
232.693149,0,0
234.346377,0,0
249.140145,0,0
246.243471,0,0
235.540526,0,0
235.519392,0,0
241.9551,0,0
242.848977,0,0
176.93187,0,0
180.74832,0,0
199.567802,0,0
208.27294,0,0
203.275955,0,0
211.376895,0,0
223.930622,0,0
211.469037,0,0
231.501341,0,0
141.759752,0,0
141.117779,0,0
101.113009,0,0
106.867776,0,0
106.806835,0,0
124.342394,0,0
123.964027,0,0
133.710903,0,0
153.657145,0,0
157.323097,0,0
162.078512,0,0
183.943013,0,0
190.386664,0,0
188.976795,0,0
183.738269,0,0
187.990593,0,0
156.347637,0,0
166.05644,1,0
171.031645,0,0
172.510774,0,0
187.556673,0,0
191.768971,0,0
191.397522,0,0
192.035232,0,0
191.910737,0,0
166.452732,0,0
169.691006,0,0
180.68807,0,0
191.525906,0,0
207.389966,0,0
224.381337,0,0
219.770522,0,0
232.160479,0,0
241.402612,0,0
220.96501,0,0
215.973382,0,0
228.754131,0,0
237.596134,0,0
187.251945,0,0
210.288638,0,0
222.807738,0,0
187.478919,0,0
205.486925,0,0
211.190296,0,0
223.219802,0,0
213.065402,0,0
223.943115,0,0
239.758796,0,0
256.791622,0,0
207.124813,0,0
225.067998,0,0
229.208256,0,0
179.016814,0,0
188.970713,0,0
140.752724,0,0
156.889202,0,0
175.608772,0,0
192.030357,0,0
207.868154,0,0
212.002851,0,0
228.434166,0,0
212.069132,0,0
226.225142,0,0
236.787608,0,0
247.383934,0,0
264.202529,0,0
283.119061,0,0
237.247464,0,0
247.327548,0,0
253.597313,0,0
256.849524,0,0
238.940465,0,0
226.428727,0,0
238.895711,0,0
254.113252,0,0
233.049028,0,0
244.411068,0,0
245.109095,0,0
252.537558,0,0
215.626291,0,0
203.949038,0,0
219.780779,0,0
234.754609,0,0
239.298659,0,0
251.863762,0,0
263.205295,0,0
230.145095,0,0
244.363906,0,0
230.576792,0,0
245.000892,0,0
256.884872,0,0
260.013463,0,0
265.117963,0,0
247.944934,0,0
175.738531,0,0
193.248396,0,0
192.659554,0,0
187.704224,0,0
208.82931,0,0
216.979745,0,0
207.462784,0,0
220.137892,1,0
239.557031,0,0
160.319655,0,0
71.83332,0,0
74.986061,0,0
89.306164,0,0
98.212063,0,0
102.463819,0,0
107.255841,0,0
119.474309,0,0
128.660593,0,0
140.393824,0,0
133.111994,0,0
145.579305,0,0
150.872783,0,0
143.556739,0,0
154.3497,0,0
148.556857,0,0
151.369948,0,0
164.905393,0,0
168.275618,0,0
168.462621,0,0
169.143018,0,0
176.892712,0,0
184.27141,0,0
194.558047,0,0
195.032186,0,0
184.258996,0,0
187.247356,0,0
188.700831,0,0
188.400085,0,0
193.137178,0,0
187.116004,0,0
187.477373,0,0
189.206442,0,0
187.806151,0,0
187.026157,0,0
186.780526,0,0
187.568504,0,0
187.590425,0,0
187.895802,0,0
186.844299,0,0
187.414002,0,0
187.810622,0,0
187.537263,0,0
187.830987,0,0
187.216768,0,0
187.865839,0,0
188.121299,0,0
187.685784,0,0
188.953725,0,0
187.547569,0,0
187.798695,0,0
188.207982,0,0
187.228637,0,0
197.182064,0,0
202.563226,0,0
203.99867,1,0
203.136879,0,0
203.187444,0,0
203.838408,0,0
206.779351,0,0
183.258838,0,0
185.409171,0,0
183.419059,0,0
157.232853,0,0
160.465399,0,0
168.166178,0,0
168.195157,0,0
175.325928,0,0
171.73176,0,0
174.968109,0,0
185.09689,0,0
182.253926,0,0
153.309393,0,0
156.407186,0,0
164.160795,0,0
173.412902,0,0
173.207817,0,0
172.704921,0,0
174.922916,0,0
191.549665,0,0
163.864431,1,0
141.346664,0,0
152.147121,0,0
148.387852,0,0
153.848087,0,0
154.544763,0,0
157.499881,0,0
157.173608,0,0
164.288809,0,0
170.105292,0,0
164.851627,0,0
163.94922,0,0
170.632974,0,0
180.420665,0,0
188.246751,0,0
191.611572,0,0
193.029049,0,0
184.438189,0,0
195.889408,0,0
195.807818,0,0
203.455556,0,0
213.159374,0,0
231.603925,0,0
219.440132,0,0
213.654718,0,0
212.520598,0,0
207.348034,0,0
182.861663,0,0
194.563988,0,0
197.549691,0,0
216.434615,0,0
216.550437,0,0
214.130006,0,0
208.194807,0,0
197.570757,0,0
189.838134,0,0
189.049188,0,0
193.378151,0,0
194.002612,0,0
183.020112,0,0
191.073068,0,0
174.221544,0,0
184.074526,0,0
188.293592,0,0
187.751754,0,0
184.611909,0,0
191.803703,0,0
197.3939,0,0
201.025072,0,0
209.304683,0,0
221.267608,0,0
219.759091,0,0
231.402435,0,0
230.893206,0,0
229.042499,0,0
228.83625,0,0
236.035419,0,0
160.931809,0,0
157.45095,0,0
148.957491,0,0
147.047526,0,0
151.556709,0,0
590.542668,0,0
601.63825,0,0
612.239148,0,0
630.879432,0,0
636.926254,0,0
221.904319,0,0
225.060485,0,0
227.786833,0,0
195.117518,0,0
209.442189,0,0
194.495533,0,0
211.204892,0,0
207.549432,0,0
211.318501,0,0
192.605307,0,0
184.100873,0,0
199.427148,0,0
208.585348,0,0
210.691141,0,0
224.979766,0,0
216.686858,0,0
187.606273,0,0
167.178159,0,0
175.531309,0,0
176.510732,0,0
190.774484,0,0
206.969838,0,0
209.28366,0,0
207.655513,0,0
187.49247,0,0
204.722366,0,0
127.750257,0,0
132.790833,0,0
115.574278,0,0
126.980987,0,0
137.989299,0,0
156.261673,0,0
170.130119,0,0
172.24856,0,0
180.253522,0,0
183.02279,0,0
179.423601,0,0
191.655211,0,0
194.56066,0,0
202.139461,0,0
209.581731,0,0
195.555561,0,0
210.536339,0,0
207.913855,0,0
204.419338,0,0
182.30204,0,0
189.590737,0,0
165.76764,0,0
161.684991,0,0
166.18855,0,0
171.389652,0,0
181.859848,0,0
187.332201,0,0
194.847262,0,0
188.190199,0,0
170.995069,0,0
172.022794,0,0
181.89914,0,0
187.127172,0,0
197.708304,0,0
203.700586,0,0
161.422963,0,0
164.499216,0,0
167.407391,0,0
153.154658,0,0
160.493077,0,0
172.337343,0,0
188.364316,0,0
198.989992,0,0
203.142421,0,0
214.075691,0,0
187.998762,0,0
187.905481,0,0
168.194074,0,0
171.037667,0,0
170.821177,0,0
180.211441,0,0
187.293628,0,0
192.174256,0,0
200.118979,0,0
174.747598,0,0
184.863994,0,0
191.857643,0,0
195.67907,0,0
203.144678,0,0
213.187555,0,0
219.223987,0,0
218.57872,0,0
229.772898,0,0
229.443298,0,0
182.04924,0,0
192.031931,0,0
196.781911,0,0
194.52665,0,0
204.345335,0,0
203.195992,0,0
210.031743,0,0
230.893333,0,0
237.636503,0,0
250.334607,0,0
264.064956,0,0
287.750778,0,0
240.152291,0,0
222.330085,0,0
215.980429,0,0
198.608817,0,0
208.000905,0,0
127.525093,0,0
140.050038,0,0
155.777176,0,0
155.749561,0,0
171.124851,0,0
179.900762,0,0
187.491357,0,0
197.154283,0,0
216.372926,0,0
218.713946,0,0
241.508326,0,0
242.712182,0,0
249.378717,0,0
216.92056,0,0
218.838674,0,0
197.8812,0,0
200.392428,0,0
223.498066,0,0
225.064415,0,0
224.353832,0,0
231.573832,0,0
203.38333,0,0
190.999355,0,0
163.086493,0,0
171.931586,0,0
175.41302,0,0
180.48016,0,0
188.456217,0,0
200.114248,0,0
222.495776,0,0
225.374176,0,0
249.400555,0,0
263.300843,0,0
276.532527,0,0
227.265326,0,0
242.538018,0,0
231.734194,0,0
209.575207,0,0
219.264161,0,0
230.614524,0,0
245.958821,0,0
251.182689,0,0
227.610925,0,0
202.565314,0,0
181.925516,0,0
182.43791,0,0
182.769293,0,0
188.387441,0,0
168.494858,0,0
175.123409,0,0
153.77517,0,0
161.188362,0,0
155.111098,0,0
160.037964,0,0
167.33205,0,0
175.572091,0,0
181.446777,0,0
186.002489,0,0
185.437889,0,0
185.247841,0,0
201.766484,0,0
173.560966,0,0
180.879782,0,0
184.163338,0,0
150.164511,0,0
155.072235,0,0
171.629365,0,0
175.169718,0,0
181.706838,0,0
191.262966,0,0
199.217018,0,0
208.44126,0,0
185.402058,0,0
183.474022,0,0
194.71407,0,0
204.591057,0,0
179.088462,0,0
187.203955,0,0
199.686178,0,0
206.356269,0,0
205.234291,0,0
213.206869,0,0
221.089412,0,0
228.451169,0,0
231.282949,0,0
211.412491,0,0
233.119536,0,0
251.013388,0,0
267.23571,0,0
280.447133,0,0
285.590583,0,0
286.034673,0,0
262.561036,0,0
232.035342,0,0
196.487627,0,0
206.483145,0,0
220.570785,0,0
227.479863,0,0
236.739137,0,0
244.352227,0,0
248.347989,0,0
252.655876,0,0
223.499371,0,0
230.762471,0,0
634.983322,0,0
611.925023,0,0
583.565197,0,0
530.410524,0,0
239.68221,0,0
216.038156,0,0
204.288994,0,0
216.355511,0,0
215.650756,0,0
210.525301,0,0
215.476666,0,0
223.949244,0,0
228.602174,0,0
225.800125,0,0
236.052148,0,0
255.49966,0,0
244.788141,0,0
235.645404,0,0
247.231489,0,0
235.472879,0,0
220.601217,0,0
219.697201,0,0
228.057385,0,0
226.248097,0,0
240.579685,0,0
255.461188,0,0
265.533748,0,0
248.609667,0,0
259.65038,0,0
259.898699,0,0
263.954962,0,0
263.36696,0,0
253.031216,0,0
252.339776,0,0
259.732276,0,0
271.835598,0,0
215.186843,0,0
225.790413,0,0
235.818642,0,0
194.011038,0,0
200.945968,0,0
199.693599,0,0
196.323228,0,0
213.525258,0,0
216.283596,0,0
218.02573,0,0
236.485843,0,0
240.139551,0,0
211.186091,0,0
227.8152,0,0
240.323919,0,0
259.492123,0,0
271.782171,0,0
283.47429,0,0
267.070002,0,0
284.996206,0,0
268.909856,0,0
285.197796,0,0
237.326185,0,0
203.425797,0,0
225.566885,0,0
245.988034,0,0
251.794654,0,0
262.283217,0,0
269.191988,0,0
280.895624,0,0
297.554646,0,0
309.290653,0,0
261.218258,0,0
283.707456,0,0
284.401014,0,0
272.643663,0,0
229.237752,0,0
232.8907,0,0
217.671301,0,0
238.087113,0,0
252.942074,0,0
272.617274,0,0
285.274804,0,0
272.042078,0,0
288.549928,0,0
266.711513,0,0
280.888851,0,0
271.569812,0,0
272.916881,0,0
289.642645,0,0
300.910879,0,0
308.812479,0,0
305.720874,0,0
303.663178,0,0
319.669843,0,0
303.295441,0,0
230.260437,0,0
201.830902,0,0
204.265415,0,0
183.942772,0,0
199.435007,0,0
204.578384,0,0
200.343099,0,0
200.268489,0,0
212.642856,0,0
239.019201,0,0
239.197264,0,0
235.095145,0,0
223.427152,0,0
220.923333,0,0
191.563833,0,0
191.388647,0,0
192.597078,0,0
196.150991,0,0
211.829167,0,0
227.560056,0,0
220.784236,0,0
186.284568,0,0
157.210894,0,0
165.065745,0,0
164.417358,0,0
173.014597,0,0
181.732605,0,0
207.546459,0,0
215.049432,0,0
215.868664,0,0
220.124138,0,0
231.882486,0,0
109.260805,0,0
72.995449,0,0
71.76948,0,0
69.475155,0,0
80.743035,0,0
87.983304,0,0
89.948088,0,0
93.619172,0,0
107.952565,0,0
113.247499,0,0
112.967946,0,0
120.831727,0,0
139.95329,0,0
142.573542,0,0
138.217003,0,0
148.227736,0,0
148.562441,0,0
154.94032,0,0
165.73756,0,0
167.722028,0,0
176.422974,0,0
179.774788,0,0
137.529233,0,0
132.242651,0,0
147.373912,0,0
148.53065,0,0
150.810952,0,0
157.311708,0,0
144.040541,0,0
153.676051,0,0
145.338983,0,0
149.567639,0,0
148.980886,0,0
144.825727,0,0
164.575778,0,0
178.661736,0,0
193.988621,0,0
231.084491,0,0
247.815198,0,0
260.918761,0,0
278.615386,0,0
275.675947,0,0
252.1326,0,0
254.457509,0,0
246.816524,0,0
230.302175,0,0
223.114053,0,0
219.638052,0,0
221.709395,0,0
219.661124,0,0
232.084107,0,0
229.181357,0,0
231.252385,0,0
232.421712,0,0
230.826643,0,0
238.911951,0,0
240.755299,0,0
237.904884,0,0
240.291216,0,0
240.132079,0,0
239.313315,0,0
239.10575,0,0
43.019233,0,0
52.235366,0,0
52.647017,0,0
59.264081,0,0
59.683188,0,0
66.920832,0,0
74.930189,0,0
82.52824,0,0
85.037447,0,0
83.47777,0,0
90.967587,0,0
92.225427,0,0
98.464196,0,0
106.611246,0,0
108.225064,0,0
106.953569,0,0
107.000506,0,0
116.451389,0,0
123.039199,0,0
126.850515,0,0
122.912641,0,0
130.988235,0,0
131.40155,0,0
131.190845,0,0
131.982235,0,0
132.329472,0,0
127.097976,0,0
123.220209,0,0
123.312702,0,0
124.689331,0,0
124.026379,0,0
126.793985,0,0
123.6945,0,0
129.783531,0,0
147.3079,0,0
162.631908,0,0
186.76936,0,0
195.407837,0,0
217.27441,0,0
227.993843,0,0
215.425651,0,0
228.584459,0,0
248.405778,0,0
260.570502,0,0
268.176767,0,0
286.931537,0,0
299.688564,0,0
310.113415,0,0
319.889311,0,0
324.008468,0,0
328.632742,0,0
354.038258,0,0
343.339643,0,0
350.661828,0,0
277.206891,0,0
206.986444,0,0
167.548135,0,0
187.795169,0,0
202.620442,0,0
219.538211,0,0
224.010156,0,0
240.852978,0,0
216.788476,0,0
211.863378,0,0
220.125072,0,0
230.06375,0,0
226.969113,0,0
235.999256,0,0
253.980393,0,0
175.17004,0,0
184.064436,0,0
171.486444,0,0
196.857077,0,0
215.04318,0,0
227.175823,0,0
231.335315,0,0
251.229223,0,0
252.680508,0,0
235.450884,0,0
220.234748,0,0
219.607842,0,0
199.867042,0,0
192.679129,0,0
187.639906,0,0
192.664307,0,0
192.125681,0,0
192.101752,0,0
191.964665,0,0
192.32191,0,0
188.353301,0,0
188.093435,0,0
196.662678,0,0
187.32498,0,0
195.380881,0,0
199.077397,0,0
168.213712,0,0
162.840895,0,0
163.938346,0,0
163.539113,0,0
163.727852,0,0
167.843532,0,0
168.153532,0,0
168.967681,0,0
120.19365,0,0
129.247748,0,0
139.539708,0,0
135.266647,0,0
140.167285,0,0
142.734389,0,0
150.430441,0,0
160.781408,0,0
173.64958,0,0
174.515158,0,0
178.067549,0,0
183.433855,0,0
183.389704,0,0
184.089035,0,0
183.747745,0,0
183.472613,0,0
176.162617,0,0
180.353091,0,0
188.336043,0,0
190.158139,0,0
188.663139,0,0
196.695896,0,0
196.255085,0,0
191.610741,0,0
187.097148,0,0
184.695315,0,0
188.75087,0,0
188.479193,0,0
186.087235,0,0
195.852733,0,0
199.511561,0,0
217.01696,0,0
215.812227,0,0
221.328056,0,0
228.392685,0,0
230.015851,0,0
244.70915,0,0
252.80415,0,0
243.29294,0,0
245.048527,0,0
244.14636,0,0
246.790819,0,0
216.658938,0,0
222.105503,0,0
218.640856,0,0
128.394099,0,0
137.092778,0,0
144.353528,0,0
143.833917,0,0
151.246683,0,0
155.613392,0,0
159.661704,0,0
164.257055,0,0
178.350302,0,0
183.38707,0,0
184.579975,0,0
199.931611,0,0
210.513137,0,0
193.329721,0,0
207.629118,0,0
213.313834,0,0
148.802981,0,0
159.758855,0,0
122.701722,0,0
127.675451,0,0
126.511956,0,0
130.420464,0,0
139.667425,0,0
141.006758,0,0
140.578437,0,0
149.927697,0,0
148.165023,0,0
153.864024,0,0
150.496302,0,0
155.097098,0,0
156.505861,0,0
164.742106,0,0
171.719861,0,0
172.393139,0,0
171.893314,0,0
178.876674,0,0
182.219795,0,0
138.864954,0,0
149.585549,0,0
155.189741,0,0
154.653692,0,0
163.107095,0,0
174.002557,0,0
182.48117,0,0
195.086998,0,0
204.870794,0,0
224.57969,0,0
210.513528,0,0
176.663255,0,0
204.518661,0,0
217.729113,0,0
232.316717,0,0
242.009203,0,0
265.376373,0,0
184.507477,0,0
195.955198,0,0
184.098806,0,0
181.340224,0,0
184.696859,0,0
183.15156,0,0
163.378407,0,0
157.835275,0,0
147.925129,0,0
156.189404,0,0
168.739771,0,0
186.250088,0,0
184.575842,0,0
188.705305,0,0
170.905741,0,0
172.640842,0,0
180.223206,0,0
208.945159,0,0
229.67481,0,0
232.327618,0,0
244.392062,0,0
231.343229,0,0
223.999382,0,0
204.087415,0,0
229.064594,0,0
238.028799,0,0
193.690174,0,0
200.418719,0,0
211.818178,0,0
203.27561,0,0
217.806951,0,0
219.057377,0,0
173.283882,0,0
143.494015,0,0
148.698362,0,0
155.166452,0,0
156.49831,0,0
159.995923,0,0
175.893481,0,0
191.644475,0,0
203.530228,0,0
216.809588,0,0
220.19096,0,0
188.091659,0,0
187.478232,0,0
162.539595,0,0
171.983193,0,0
181.93049,0,0
188.417922,0,0
203.539809,0,0
212.522149,0,0
181.707801,0,0
181.812529,0,0
182.370114,0,0
143.169448,0,0
151.340451,0,0
154.411791,0,0
155.159771,0,0
150.953652,0,0
147.572713,0,0
153.019896,0,0
164.29347,0,0
166.979689,0,0
176.344451,0,0
176.528394,0,0
176.390672,0,0
187.470442,0,0
188.906616,0,0
190.228444,0,0
214.111501,0,0
221.535714,0,0
234.271324,0,0
237.284103,0,0
245.983854,0,0
722.234238,0,0
695.657314,0,0
712.837068,0,0
728.926733,0,0
674.438855,0,0
204.429901,0,0
161.350725,0,0
164.411107,0,0
165.334097,0,0
180.402669,0,0
175.977984,0,0
183.159093,0,0
181.959474,0,0
199.332044,0,0
203.95119,0,0
219.928695,0,0
224.405398,0,0
230.002721,0,0
236.119324,0,0
249.175487,0,0
191.938486,0,0
200.628903,0,0
195.883146,0,0
209.700992,0,0
161.557023,0,0
175.431168,0,0
186.537981,0,0
206.909595,0,0
203.163576,0,0
208.674463,0,0
207.44787,0,0
226.342818,0,0
157.173254,0,0
148.891213,0,0
105.040113,0,0
112.687402,0,0
129.630712,0,0
135.94313,0,0
149.793324,0,0
161.999933,0,0
158.349159,0,0
164.120674,0,0
159.292618,0,0
164.340884,0,0
179.560775,0,0
192.223486,0,0
207.306638,0,0
220.040762,0,0
160.243748,0,0
121.78429,0,0
128.085438,0,0
128.790627,0,0
140.204864,0,0
148.318045,0,0
143.98943,0,0
147.760229,0,0
159.581206,0,0
167.935995,0,0
182.333025,0,0
195.628168,0,0
194.946062,0,0
188.602322,0,0
127.940994,0,0
129.873855,0,0
145.205931,0,0
162.027524,0,0
188.641835,0,0
197.975313,0,0
228.54288,0,0
247.429624,0,0
212.066096,0,0
195.129485,0,0
180.187389,0,0
188.384119,0,0
197.192892,0,0
215.888749,0,0
235.19824,0,0
252.389919,0,0
267.823622,0,0
280.776067,0,0
294.077266,0,0
308.013275,0,0
315.298681,0,0
287.394982,0,0
288.49121,0,0
227.684278,0,0
232.625578,0,0
167.973387,0,0
171.460573,0,0
167.40346,0,0
172.881156,0,0
172.067669,0,0
171.819498,0,0
177.26124,0,0
145.875959,0,0
129.382658,0,0
142.477165,0,0
161.337505,0,0
183.907904,0,0
203.945254,0,0
220.156239,0,0
247.332785,0,0
252.475822,0,0
268.28295,0,0
280.720404,0,0
261.919709,0,0
279.214413,0,0
269.734788,0,0
279.800756,0,0
242.004201,0,0
250.518845,0,0
223.861912,0,0
186.387987,0,0
205.645508,0,0
224.517799,0,0
240.148138,0,0
252.005724,0,0
252.720408,0,0
259.244783,0,0
252.428155,0,0
251.401155,0,0
187.619516,0,0
198.022132,0,0
215.041452,0,0
223.640444,0,0
226.950951,0,0
239.300095,0,0
247.014598,0,0
254.439336,0,0
230.650056,0,0
244.455394,0,0
251.048141,0,0
231.307139,0,0
238.917276,0,0
254.699384,0,0
243.044071,0,0
222.943461,0,0
223.283954,0,0
104.285009,0,0
73.87623,0,0
72.974336,0,0
91.722342,0,0
100.75069,0,0
104.678467,0,0
118.739581,0,0
120.066752,0,0
118.498493,0,0
136.705676,0,0
140.494096,0,0
140.840729,0,0
127.283605,0,0
141.12553,0,0
145.675106,0,0
151.029566,0,0
155.39466,0,0
147.275845,0,0
147.374797,0,0
153.050083,0,0
170.95267,0,0
168.320969,0,0
179.972165,0,0
173.106787,0,0
183.938557,0,0
200.917333,0,0
204.758865,0,0
200.826474,0,0
223.076337,0,0
239.433638,0,0
233.69142,0,0
238.301155,0,0
243.674272,0,0
215.901643,0,0
159.114232,0,0
172.718978,0,0
156.136424,0,0
156.3176,0,0
168.57778,0,0
173.662945,0,0
179.308342,0,0
163.768133,0,0
159.794411,0,0
145.663659,0,0
148.687901,0,0
152.552241,0,0
164.463304,0,0
164.35301,0,0
170.612024,0,0
171.24999,0,0
167.60896,0,0
163.284811,0,0
163.342831,0,0
168.798977,0,0
128.60688,0,0
137.714049,0,0
169.382886,0,0
179.775285,0,0
189.188006,0,0
188.365799,0,0
195.786502,0,0
193.373754,0,0
205.168977,0,0
212.554217,0,0
212.656455,0,0
232.56187,0,0
230.502666,0,0
219.086225,0,0
146.287909,0,0
146.996283,0,0
145.463541,0,0
155.324221,0,0
169.109848,0,0
158.807119,0,0
164.875792,0,0
176.413075,0,0
183.486556,0,0
179.965127,0,0
175.04458,0,0
191.161516,0,0
187.431001,0,0
191.072749,0,0
195.649461,0,0
187.550333,0,0
187.307157,0,0
199.273462,0,0
195.394442,0,0
192.394374,0,0
196.24093,0,0
190.454492,0,0
200.950942,0,0
209.802408,0,0
200.90657,0,0
206.998564,0,0
213.425581,0,0
226.883633,0,0
213.000809,0,0
199.949479,0,0
195.909878,0,0
202.967569,0,0
207.392894,0,0
203.96411,1,0
200.909064,0,0
205.440572,0,0
209.036371,0,0
215.932303,0,0
214.108715,0,0
184.62211,0,0
167.430056,0,0
165.550612,0,0
169.30739,0,0
172.680307,0,0
180.605973,0,0
184.06651,0,0
193.453127,0,0
209.035098,0,0
193.810627,0,0
213.074983,0,0
217.736392,0,0
219.388935,0,0
204.998142,0,0
206.221571,0,0
185.051192,0,0
188.04639,0,0
183.712358,0,0
201.288806,0,0
207.254024,0,0
237.357238,0,0
249.015321,0,0
895.108782,0,0
881.104658,0,0
852.539071,0,0
831.606967,0,0
270.699489,0,0
218.955111,0,0
137.652389,0,0
136.947442,0,0
143.055324,0,0
144.226036,0,0
152.781864,0,0
156.252673,0,0
156.711673,0,0
169.206667,0,0
176.111733,0,0
186.891001,0,0
191.62074,0,0
200.444958,0,0
202.850751,0,0
183.467725,0,0
189.914385,0,0
190.048207,0,0
187.050252,0,0
176.882365,0,0
182.374529,0,0
188.951777,0,0
195.625151,0,0
204.651849,0,0
214.876793,0,0
221.190632,0,0
234.434722,0,0
240.483585,0,0
251.378523,0,0
237.641001,0,0
257.78237,0,0
279.314826,0,0
275.072874,0,0
272.147966,0,0
272.084736,0,0
273.354431,0,0
210.432088,0,0
211.38229,0,0
183.796728,0,0
195.709431,0,0
225.426851,0,0
212.928395,0,0
223.970493,0,0
242.450473,0,0
231.950027,0,0
220.268702,0,0
241.527333,0,0
139.391448,0,0
157.614211,0,0
158.494804,0,0
157.485727,0,0
164.490525,0,0
159.203943,0,0
156.661246,0,0
152.215659,0,0
160.748354,0,0
151.301177,0,0
155.499996,0,0
153.386175,0,0
151.839224,0,0
155.065634,0,0
150.445668,0,0
151.382328,0,0
148.474331,0,0
159.53737,0,0
159.92623,0,0
161.625064,0,0
160.122869,0,0
155.686894,0,0
159.068605,0,0
155.10238,0,0
164.123223,0,0
172.941696,0,0
184.660842,0,0
196.797742,0,0
216.320559,0,0
220.651111,0,0
206.017763,0,0
214.961333,0,0
219.766346,0,0
227.930317,0,0
248.134888,0,0
258.557658,0,0
220.34829,0,0
229.792728,0,0
234.683755,0,0
219.551419,0,0
219.824666,0,0
225.408687,0,0
243.896902,0,0
195.672372,0,0
207.551024,0,0
213.533544,0,0
225.584923,0,0
202.309523,0,0
213.434915,0,0
222.99396,0,0
204.533993,0,0
202.876259,0,0
211.745691,0,0
212.913881,0,0
222.060888,0,0
220.168572,0,0
165.363913,0,0
182.037833,0,0
196.444638,0,0
163.363279,0,0
172.919863,0,0
173.100882,0,0
180.989123,0,0
181.28629,0,0
186.103262,0,0
186.470993,0,0
195.029579,0,0
203.371411,0,0
217.189597,0,0
223.396262,0,0
222.463154,0,0
231.758874,0,0
242.611688,0,0
183.084147,0,0
191.454869,0,0
195.40073,0,0
197.79138,0,0
172.357406,0,0
179.768822,0,0
192.233847,0,0
195.81778,0,0
195.526351,0,0
185.626497,0,0
183.825377,0,0
184.571476,0,0
191.353242,0,0
192.853645,0,0
191.385399,0,0
187.606763,0,0
187.126245,0,0
190.284227,0,0
187.452865,0,0
196.778061,0,0
202.960208,0,0
205.280852,0,0
203.864282,0,0
203.457075,0,0
201.21562,0,0
205.763249,0,0
143.084877,0,0
140.467291,0,0
147.454315,0,0
123.826626,0,0
134.726797,0,0
139.095935,0,0
148.036245,0,0
159.291244,0,0
155.743015,0,0
172.293324,0,0
183.623437,0,0
187.730145,0,0
187.6217,0,0
196.508292,0,0
206.990454,0,0
207.146125,0,0
217.207001,0,0
217.198068,0,0
218.357175,0,0
219.920304,0,0
187.5274,0,0
133.08097,0,0
144.451684,0,0
164.720936,0,0
157.791234,0,0
171.263253,0,0
176.431231,0,0
179.046095,0,0
178.081762,0,0
182.43516,0,0
172.742688,0,0
176.167085,0,0
165.45919,0,0
170.361864,0,0
185.390207,0,0
203.007278,0,0
203.159734,0,0
204.790139,0,0
214.82066,0,0
229.426945,0,0
198.105587,0,0
188.977605,0,0
208.053922,0,0
173.461077,0,0
180.380738,0,0
186.035155,0,0
164.409052,0,0
176.076713,0,0
168.833231,0,0
184.551805,0,0
193.010321,0,0
194.155149,0,0
172.307762,0,0
178.109543,0,0
184.403479,0,0
171.701423,0,0
169.973444,0,0
147.904192,0,0
150.157423,0,0
141.726346,0,0
149.29242,0,0
155.436972,0,0
184.2881,0,0
183.877049,0,0
175.971186,0,0
161.098149,0,0
137.130983,0,0
162.874612,0,0
180.17778,0,0
181.749245,0,0
177.338621,0,0
183.623953,0,0
145.296259,0,0
151.391142,0,0
171.4886,0,0
200.854244,0,0
191.453008,0,0
198.330921,0,0
213.794867,0,0
175.015296,0,0
188.272754,0,0
198.555456,0,0
197.255859,0,0
158.738241,0,0
175.657396,0,0
188.70086,0,0
204.264712,0,0
220.335408,0,0
245.977928,0,0
222.207198,0,0
232.480827,0,0
200.046391,0,0
200.398632,0,0
164.655396,0,0
174.008737,0,0
180.234429,0,0
183.100314,0,0
183.977932,0,0
183.140034,0,0
190.328807,0,0
123.323007,0,0
130.607095,0,0
135.392404,0,0
151.410108,0,0
148.981197,0,0
163.377882,0,0
175.593445,0,0
169.56552,0,0
179.367993,0,0
175.985926,0,0
188.608206,0,0
157.780042,0,0
169.139612,0,0
201.049623,0,0
196.025584,0,0
208.77201,0,0
232.575428,0,0
197.312147,0,0
205.043939,0,0
236.776548,0,0
227.917673,0,0
196.377661,0,0
146.087649,0,0
157.153867,0,0
148.158275,0,0
159.651891,0,0
156.131576,0,0
160.516026,0,0
199.852815,0,0
194.932528,0,0
205.336329,0,0
227.049129,0,0
247.380466,0,0
223.29595,0,0
233.097126,0,0
134.523624,0,0
151.636524,0,0
155.641299,0,0
163.473419,0,0
181.119451,0,0
188.532116,0,0
203.752849,0,0
217.009228,0,0
232.603311,0,0
200.80656,0,0
216.48275,0,0
197.089389,0,0
204.245811,0,0
211.666669,0,0
232.845302,0,0
262.433896,0,0
272.878331,0,0
284.389224,0,0
175.252353,0,0
185.87451,0,0
195.196868,0,0
171.983495,0,0
199.860312,0,0
222.332899,0,0
205.332758,0,0
222.826422,0,0
228.416809,0,0
202.358594,0,0
187.081324,0,0
207.249955,0,0
214.044322,0,0
184.240566,0,0
206.233799,0,0
180.043097,0,0
193.244855,0,0
198.548369,0,0
209.646909,0,0
214.440402,0,0
218.686318,0,0
227.758805,0,0
222.127141,0,0
220.541268,0,0
220.486414,0,0
225.988662,0,0
244.418403,0,0
245.769164,0,0
201.574104,0,0
199.795779,0,0
212.32318,0,0
187.865124,0,0
188.229097,0,0
200.815685,0,0
208.219783,0,0
183.698367,0,0
197.33178,0,0
197.347495,0,0
203.795944,0,0
182.114678,0,0
187.163307,0,0
185.692227,0,0
187.182549,0,0
163.455029,0,0
171.252494,0,0
182.642986,0,0
180.529883,0,0
184.379767,0,0
191.296186,0,0
199.649531,0,0
212.495951,0,0
223.404467,0,0
203.544911,0,0
215.746233,0,0
232.434573,0,0
204.191062,0,0
214.037054,1,0
220.821827,0,0
220.291911,0,0
219.756112,0,0
204.941475,0,0
213.312702,0,0
223.061584,0,0
223.211948,0,0
220.006591,0,0
228.926649,0,0
218.5544,0,0
218.623023,0,0
215.551658,0,0
214.913865,0,0
211.543413,0,0
214.303506,0,0
218.196066,0,0
233.358001,0,0
208.179469,0,0
144.027236,0,0
146.996746,0,0
146.051692,0,0
153.088646,0,0
160.072022,0,0
160.25476,0,0
160.208542,0,0
158.858774,0,0
160.542218,0,0
160.988625,0,0
166.793105,0,0
177.87001,0,0
178.199282,0,0
191.565271,0,0
194.816929,0,0
144.145389,0,0
147.509037,0,0
148.949489,0,0
148.45733,0,0
154.941691,0,0
159.665379,0,0
159.117386,0,0
167.839493,0,0
164.133243,0,0
163.959718,0,0
163.877878,0,0
164.265873,0,0
163.708235,0,0
163.745821,0,0
171.456132,0,0
172.27612,0,0
173.314511,0,0
174.824386,0,0
179.014808,0,0
189.149751,0,0
193.915154,0,0
184.633948,0,0
191.919112,0,0
172.271497,0,0
184.275393,0,0
187.194076,0,0
202.476192,0,0
211.330219,0,0
219.123362,0,0
184.447296,0,0
141.70809,0,0
152.578856,0,0
155.596178,0,0
159.699856,0,0
171.454959,0,0
165.308574,0,0
172.919152,0,0
173.242266,0,0
172.373159,0,0
187.580618,0,0
185.000322,0,0
186.854955,0,0
207.573979,0,0
203.159501,0,0
200.78331,0,0
217.019396,0,0
221.294027,0,0
182.505658,0,0
154.246717,0,0
168.300894,0,0
167.949506,0,0
160.462113,0,0
148.064995,0,0
140.275354,0,0
141.022934,0,0
149.476406,0,0
158.969424,0,0
164.437919,0,0
172.604168,0,0
175.764264,0,0
191.367615,0,0
191.006543,0,0
187.604344,0,0
196.539619,0,0
208.269883,0,0
204.21902,0,0
164.804183,0,0
141.784155,0,0
151.936942,0,0
171.301443,0,0
163.465712,0,0
174.602726,0,0
181.885327,0,0
164.818975,0,0
164.540234,0,0
169.870704,0,0
176.524678,0,0
188.105618,0,0
186.488133,0,0
185.154241,0,0
188.958099,0,0
187.24202,0,0
202.589009,0,0
201.796182,0,0
205.377132,0,0
203.830186,0,0
203.822445,0,0
216.254904,0,0
220.712445,0,0
140.840444,0,0
150.045835,0,0
152.440823,0,0
154.70339,0,0
155.208299,0,0
157.241179,0,0
161.924218,0,0
155.29984,0,0
170.316578,0,0
187.961107,0,0
184.640786,0,0
197.881462,0,0
215.638872,0,0
214.800569,0,0
213.643351,0,0
214.307069,0,0
222.486086,0,0
215.121353,0,0
188.388901,0,0
194.584598,0,0
205.51801,0,0
207.289745,0,0
176.751354,0,0
185.976314,0,0
191.132023,0,0
192.150548,0,0
183.016183,0,0
196.992783,0,0
192.893944,0,0
199.95415,0,0
205.417066,0,0
188.656776,0,0
188.659382,0,0
182.297904,0,0
192.157811,0,0
194.660259,0,0
199.538903,0,0
175.883011,0,0
188.459641,0,0
185.428168,0,0
188.033942,0,0
200.826394,0,0
207.754875,0,0
220.620782,0,0
190.406013,0,0
211.489914,0,0
209.425057,0,0
179.219495,0,0
191.763495,0,0
191.539412,0,0
190.568625,0,0
195.80049,0,0
196.848727,0,0
205.218837,0,0
207.655115,0,0
171.627698,0,0
174.393765,0,0
188.008602,0,0
191.466171,0,0
201.217754,0,0
214.361939,0,0
225.389281,0,0
214.705881,0,0
210.131898,0,0
216.741021,0,0
195.607502,0,0
199.1894,0,0
219.127563,0,0
231.565416,0,0
227.391171,0,0
55.510099,0,0
72.42376,0,0
92.089616,0,0
72.857087,0,0
86.405539,0,0
99.502155,0,0
103.478492,0,0
525.91286,0,0
544.077206,0,0
547.577323,0,0
555.853075,0,0
185.341287,0,0
195.060983,0,0
204.220955,0,0
206.421906,0,0
212.421511,0,0
213.568887,0,0
211.234988,0,0
211.525165,0,0
149.088954,0,0
155.655238,0,0
170.214671,0,0
171.363886,0,0
172.105468,0,0
171.391865,1,0
173.313597,0,0
181.367592,0,0
184.186672,0,0
156.107772,0,0
164.082723,0,0
168.094687,0,0
183.284353,0,0
185.993708,0,0
190.943093,0,0
191.908932,0,0
156.670255,0,0
156.074788,0,0
156.631265,0,0
155.893641,0,0
152.634694,0,0
159.797843,0,0
167.91298,0,0
175.716902,0,0
178.520064,0,0
171.415201,0,0
171.090441,0,0
172.620721,0,0
171.444617,0,0
141.119412,0,0
148.4778,0,0
125.712087,0,0
133.867097,0,0
139.666587,0,0
141.101098,0,0
148.950061,0,0
158.196271,0,0
186.235948,0,0
218.179905,0,0
236.576693,0,0
249.04645,0,0
235.911902,0,0
249.662683,0,0
242.032303,0,0
228.347038,0,0
223.143092,0,0
187.147051,0,0
169.290063,0,0
166.783901,0,0
167.189934,0,0
167.404556,0,0
182.357521,0,0
182.617609,0,0
199.149466,0,0
200.509598,0,0
200.984525,0,0
205.614212,0,0
201.475935,0,0
215.171576,0,0
224.945344,0,0
221.92525,0,0
218.57275,0,0
223.824908,0,0
231.397249,0,0
190.699683,0,0
192.318359,0,0
190.826558,0,0
194.392711,0,0
215.923177,0,0
224.699045,0,0
233.362276,0,0
254.55071,0,0
240.163449,0,0
239.848822,0,0
208.608005,0,0
207.819651,0,0
209.025059,0,0
215.499161,0,0
190.39515,0,0
183.503466,0,0
167.272714,0,0
184.204752,0,0
183.397403,0,0
183.052995,0,0
187.80076,0,0
190.212959,0,0
155.908435,0,0
159.298165,0,0
163.334657,0,0
181.218389,0,0
195.85755,0,0
204.994052,0,0
214.631475,0,0
220.752928,0,0
207.066198,0,0
218.019519,0,0
204.014903,0,0
215.919412,0,0
230.991015,0,0
189.347731,0,0
213.169544,0,0
215.998083,0,0
216.154246,0,0
219.927851,0,0
215.972597,0,0
185.015133,0,0
172.219646,0,0
182.904958,0,0
183.237793,0,0
199.881088,0,0
215.828865,0,0
227.819541,0,0
220.652307,0,0
233.457986,0,0
232.491372,0,0
235.884785,0,0
217.544334,0,0
208.722604,0,0
214.59123,0,0
213.673739,0,0
209.14104,0,0
152.141347,0,0
172.198549,0,0
181.902717,0,0
181.467594,0,0
181.599914,0,0
179.87591,0,0
185.089109,0,0
182.437513,0,0
188.601305,0,0
184.430637,0,0
190.079956,0,0
187.239152,0,0
187.777378,0,0
205.664288,0,0
203.813027,0,0
185.141429,0,0
180.299868,0,0
181.576674,0,0
150.638559,0,0
153.947757,0,0
150.166122,0,0
162.742729,0,0
175.484595,0,0
177.425131,0,0
177.352174,0,0
172.791845,0,0
171.394136,0,0
172.282685,0,0
175.187032,0,0
176.054494,0,0
178.491468,0,0
175.485558,0,0
176.299004,0,0
175.701227,0,0
176.243279,0,0
179.794298,0,0
179.316098,0,0
175.504343,0,0
189.730809,0,0
183.050887,0,0
179.123939,0,0
181.309317,0,0
180.068815,0,0
187.871535,0,0
189.450927,0,0
187.465743,0,0
159.460956,0,0
165.237841,0,0
176.177984,0,0
175.022621,0,0
174.631475,0,0
175.504802,0,0
175.428761,0,0
83.79812,0,0
92.812697,0,0
85.559699,0,0
96.339658,0,0
95.191956,0,0
91.123585,0,0
90.405335,0,0
91.237196,0,0
88.842987,0,0
98.947063,0,0
95.847017,0,0
99.68625,0,0
107.182792,0,0
109.434592,0,0
109.071886,0,0
108.854346,0,0
109.729464,0,0
107.401363,0,0
108.296126,0,0
130.514789,0,0
122.926621,0,0
133.882565,0,0
144.564381,0,0
158.092749,0,0
154.524071,0,0
161.023941,0,0
173.40051,0,0
191.270079,0,0
205.055153,0,0
203.412446,0,0
209.282282,0,0
208.611725,0,0
176.355451,0,0
176.210797,0,0
193.830581,0,0
182.443253,0,0
189.335033,0,0
202.266638,0,0
215.124859,0,0
226.980161,0,0
238.411457,0,0
254.972488,0,0
266.486347,0,0
254.135289,0,0
268.894485,0,0
267.720131,0,0
243.169238,0,0
216.541732,0,0
226.798065,0,0
181.274177,0,0
182.671353,0,0
163.847782,0,0
169.31223,0,0
182.742175,0,0
195.596016,0,0
208.993249,0,0
229.385081,0,0
197.97927,0,0
199.299792,0,0
201.717201,0,0
171.325547,0,0
174.97918,0,0
179.665503,0,0
189.554013,0,0
194.527533,0,0
195.473484,0,0
188.984642,0,0
203.159207,0,0
219.80136,0,0
228.562528,0,0
243.708315,0,0
259.921227,0,0
283.712663,0,0
261.008119,0,0
248.089796,0,0
236.595709,0,0
217.688233,0,0
228.137556,0,0
189.353285,0,0
172.692521,0,0
181.316862,0,0
196.281255,0,0
209.12491,0,0
228.834534,0,0
251.827371,0,0
268.345857,0,0
283.051101,0,0
283.70954,0,0
261.386784,0,0
248.147131,0,0
252.48566,0,0
186.670401,0,0
180.372355,0,0
193.423583,0,0
209.52508,0,0
224.085559,0,0
235.434335,0,0
249.133363,0,0
259.852615,0,0
268.309911,0,0
255.850741,0,0
234.12954,0,0
218.797106,0,0
198.381656,0,0
213.232029,0,0
227.237595,0,0
238.068505,0,0
250.222434,0,0
262.900702,0,0
244.40897,0,0
256.950994,0,0
270.586504,0,0
253.064051,0,0
268.023806,0,0
256.387574,0,0
277.092216,0,0
276.899141,0,0
262.401499,0,0
267.929598,0,0
246.312064,0,0
252.184687,0,0
235.244599,0,0
273.39044,0,0
287.949922,0,0
321.787238,0,0
331.401829,0,0
338.80652,0,0
336.071551,0,0
338.26586,0,0
344.236342,0,0
313.296502,0,0
318.289947,0,0
323.831748,0,0
260.33655,0,0
94.345021,0,0
105.624681,0,0
113.36238,0,0
129.547782,0,0
143.796661,0,0
155.048346,0,0
162.404536,0,0
171.742113,0,0
183.15825,0,0
194.705325,0,0
211.104244,0,0
212.743846,0,0
237.667294,0,0
214.476382,0,0
231.521942,0,0
241.271247,0,0
238.881787,0,0
245.043015,0,0
247.773015,0,0
219.088348,0,0
233.134406,0,0
219.199736,0,0
216.161245,0,0
214.934169,0,0
219.626034,0,0
227.933691,0,0
200.402293,0,0
203.644216,0,0
208.859735,0,0
221.8984,0,0
227.893735,0,0
259.998435,0,0
225.995425,0,0
231.668296,0,0
977.947526,0,0
942.256859,0,0
906.794827,0,0
885.454562,0,0
280.253256,0,0
240.438251,0,0
225.553502,0,0
170.205554,0,0
193.357345,0,0
203.23509,0,0
201.273215,0,0
201.277147,0,0
206.507814,0,0
189.45481,0,0
189.233597,0,0
204.261705,0,0
201.652153,0,0
209.658912,0,0
164.367899,0,0
189.635785,0,0
195.299361,0,0
160.635693,0,0
162.13072,0,0
164.592674,0,0
162.280365,0,0
160.291254,0,0
156.759592,0,0
153.34407,0,0
151.951266,0,0
152.461629,0,0
145.015594,0,0
165.10625,0,0
160.896983,0,0
180.401934,0,0
198.743875,0,0
196.561866,0,0
212.468297,0,0
200.019942,0,0
189.830509,0,0
188.537853,0,0
180.750551,0,0
203.011753,0,0
215.599497,0,0
225.454678,0,0
232.081817,0,0
232.814224,0,0
197.212561,0,0
210.158187,0,0
216.717117,0,0
204.720779,0,0
199.825535,0,0
206.070296,0,0
219.376765,0,0
231.309531,0,0
227.118865,0,0
231.403553,0,0
236.640167,0,0
234.696416,0,0
124.808024,0,0
138.736169,0,0
144.716326,0,0
164.257052,0,0
172.79102,0,0
176.605129,0,0
188.815911,0,0
196.64572,0,0
160.455842,0,0
171.583039,0,0
169.424606,0,0
175.227175,0,0
168.824411,0,0
172.803046,0,0
179.841244,0,0
185.059313,0,0
182.514589,0,0
180.04341,0,0
193.973018,0,0
195.850497,0,0
173.041614,0,0
179.957518,0,0
184.597783,0,0
193.629299,0,0
179.811352,0,0
196.191887,0,0
157.548447,0,0
165.928678,0,0
175.341014,0,0
196.4881,0,0
180.171291,0,0
188.731406,0,0
206.304444,0,0
213.636114,0,0
208.246084,0,0
219.485211,0,0
212.716349,0,0
193.223061,0,0
198.166165,0,0
208.632146,0,0
196.063242,0,0
190.037261,0,0
187.787752,0,0
203.584103,0,0
196.241059,0,0
165.530912,0,0
172.313734,0,0
172.88153,0,0
125.304767,0,0
135.90104,0,0
143.49646,0,0
152.246982,0,0
148.468251,0,0
155.41969,0,0
168.99252,0,0
180.504584,0,0
189.090912,0,0
144.882498,0,0
145.187704,0,0
149.12319,0,0
153.302136,0,0
171.887795,0,0
179.768394,0,0
198.693147,0,0
211.826522,0,0
115.154001,0,0
129.32339,0,0
126.525083,0,0
134.182429,0,0
135.906041,0,0
131.384739,0,0
133.605652,0,0
140.295466,0,0
142.563611,0,0
142.419747,0,0
169.163093,0,0
173.514269,0,0
178.553078,0,0
176.498336,0,0
157.13035,0,0
126.099689,0,0
145.372016,0,0
152.665254,0,0
163.717003,0,0
172.615893,0,0
179.951414,0,0
195.641962,0,0
210.944996,0,0
212.237135,0,0
217.440492,0,0
225.600757,0,0
201.647901,0,0
205.22015,0,0
205.179963,0,0
171.782968,0,0
183.89013,0,0
175.315404,0,0
183.234167,0,0
183.248116,0,0
191.899843,0,0
192.883497,0,0
202.729676,0,0
198.671975,0,0
115.352484,0,0
125.306266,0,0
129.337057,0,0
132.338839,0,0
139.863265,0,0
138.2701,0,0
144.81781,0,0
150.206629,0,0
160.135403,0,0
167.27367,0,0
176.375799,0,0
187.142268,0,0
211.769628,0,0
212.679341,0,0
167.833961,0,0
149.747881,0,0
144.46873,0,0
151.699281,0,0
167.269343,0,0
172.315111,0,0
188.627363,0,0
218.828219,0,0
234.079641,0,0
236.150678,0,0
255.409359,0,0
258.338875,0,0
253.26879,0,0
253.625052,0,0
111.270364,0,0
101.234957,0,0
128.358461,0,0
120.331352,0,0
128.635127,0,0
124.567326,0,0
124.878296,0,0
139.42092,0,0
148.474308,0,0
160.636886,0,0
161.936586,0,0
165.829021,0,0
175.150529,0,0
187.453163,0,0
187.728129,0,0
196.669462,0,0
204.613236,0,0
141.408696,0,0
124.515026,0,0
129.436178,0,0
131.888936,0,0
129.718389,0,0
150.638734,0,0
162.99763,0,0
174.336193,0,0
190.241652,0,0
184.010429,0,0
206.229049,0,0
222.100028,0,0
220.529716,0,0
231.580913,0,0
252.085323,0,0
247.81208,0,0
236.225109,0,0
251.282008,0,0
214.42608,0,0
215.842575,0,0
227.847967,0,0
259.081537,0,0
230.666229,0,0
239.746046,0,0
175.097234,0,0
179.098161,0,0
202.725953,0,0
232.274422,0,0
241.250883,0,0
258.049738,0,0
226.57166,0,0
211.13927,0,0
202.311914,0,0
214.333662,0,0
219.765926,0,0
235.2343,0,0
245.818351,0,0
252.489166,0,0
263.251715,0,0
262.115628,0,0
167.700522,0,0
174.561756,0,0
147.761522,0,0
153.591211,0,0
158.254122,0,0
167.815574,0,0
182.637354,0,0
176.79092,0,0
187.801676,0,0
201.024849,0,0
146.638256,0,0
151.188305,0,0
151.230233,0,0
172.399463,0,0
185.334208,0,0
197.630289,0,0
213.734653,0,0
206.331115,1,0
197.705508,0,0
194.259136,0,0
173.004117,0,0
187.238341,0,0
214.349161,0,0
212.144596,0,0
229.31775,0,0
136.05118,0,0
135.771465,0,0
146.500636,0,0
153.51663,0,0
171.856917,0,0
169.912255,0,0
173.214529,0,0
171.520436,0,0
181.19024,0,0
200.261437,0,0
198.579936,0,0
206.569843,0,0
211.930561,0,0
135.328488,0,0
142.856785,0,0
118.895193,0,0
130.58188,0,0
131.789775,0,0
135.401739,0,0
142.770321,0,0
136.966591,0,0
132.131928,0,0
139.603142,0,0
139.390487,0,0
161.087066,0,0
195.31958,0,0
196.667232,0,0
214.127818,0,0
228.625963,0,0
211.817106,0,0
204.571825,0,0
212.321179,0,0
213.783842,0,0
231.941213,0,0
230.019902,0,0
222.794611,0,0
203.591929,0,0
202.930459,0,0
204.971282,0,0
135.269278,0,0
147.886725,0,0
159.170963,0,0
154.034436,0,0
151.846103,0,0
164.800482,0,0
171.527625,0,0
138.893707,0,0
168.508544,0,0
156.079025,0,0
159.306706,0,0
165.12235,0,0
165.913669,0,0
177.904026,0,0
174.402375,0,0
183.624689,0,0
194.29866,0,0
201.112132,0,0
187.911357,0,0
216.344359,0,0
213.547105,0,0
234.601165,0,0
112.374227,0,0
137.279181,0,0
131.42175,0,0
161.913292,0,0
182.99705,0,0
200.990404,0,0
214.426671,0,0
225.173191,0,0
235.018658,0,0
251.692474,0,0
252.947512,0,0
249.049918,0,0
259.903078,0,0
218.719723,0,0
228.764462,0,0
235.312984,0,0
250.790943,0,0
261.685937,0,0
268.743314,0,0
281.352459,0,0
292.433398,0,0
252.213254,0,0
264.649215,0,0
221.420772,0,0
230.400608,0,0
211.441708,0,0
226.100382,0,0
238.102833,0,0
258.500598,0,0
235.737179,0,0
256.328957,0,0
271.738809,0,0
188.927453,0,0
178.218417,0,0
178.905391,0,0
173.415658,0,0
183.259467,0,0
191.709631,0,0
210.693516,0,0
222.257638,0,0
222.129047,0,0
229.064286,0,0
252.864415,0,0
250.220098,0,0
253.675378,0,0
274.979672,0,0
287.74824,0,0
239.395126,0,0
253.467837,0,0
261.122552,0,0
267.269005,0,0
275.24119,0,0
285.8882,0,0
285.004922,0,0
268.551592,0,0
277.600196,0,0
282.841501,0,0
278.636252,0,0
205.047127,0,0
213.662637,0,0
222.234556,0,0
163.37278,0,0
189.970686,0,0
207.605522,0,0
216.649803,0,0
223.995468,0,0
241.471642,0,0
231.906042,0,0
220.388395,0,0
227.358755,0,0
180.674119,0,0
206.088727,0,0
223.697691,0,0
231.769481,0,0
250.546936,0,0
273.951477,0,0
288.604382,0,0
279.029726,0,0
283.367781,0,0
278.128286,0,0
278.072212,0,0
299.576033,0,0
301.031269,0,0
279.635985,0,0
283.454984,0,0
291.823915,0,0
257.003336,0,0
218.883728,0,0
233.149263,0,0
259.142184,0,0
235.915727,0,0
270.678515,0,0
291.575952,0,0
298.00719,0,0
307.050574,0,0
271.330592,0,0
266.844952,0,0
195.862065,0,0
198.491809,0,0
205.860238,0,0
147.279122,0,0
146.689381,0,0
157.551857,0,0
133.967883,0,0
138.271236,0,0
141.610826,0,0
148.028345,0,0
167.221158,0,0
165.504552,0,0
170.199317,0,0
184.155677,0,0
143.627515,0,0
153.21615,0,0
154.834669,0,0
148.662845,0,0
162.217984,0,0
179.364681,0,0
182.126437,0,0
188.111297,0,0
211.749243,0,0
235.088427,0,0
53.26993,0,0
54.52261,0,0
83.141892,0,0
78.356988,0,0
75.909205,0,0
75.21456,0,0
90.691341,0,0
95.288214,0,0
104.256655,0,0
108.859745,0,0
125.989032,0,0
127.512043,0,0
138.880475,0,0
137.12216,0,0
135.607315,0,0
127.067233,0,0
134.931826,0,0
142.903682,0,0
160.264781,0,0
157.710629,0,0
164.451454,0,0
168.816673,0,0
169.954197,0,0
174.902277,0,0
183.00746,0,0
196.44569,0,0
202.915188,0,0
203.750223,0,0
207.266848,0,0
199.817972,0,0
192.682656,0,0
195.923087,0,0
199.567403,0,0
218.275404,0,0
222.63376,0,0
219.800386,0,0
233.671766,0,0
226.200858,0,0
221.452544,0,0
227.394949,0,0
121.039494,0,0
134.433373,0,0
138.00198,0,0
146.14017,0,0
147.384763,0,0
139.839136,0,0
148.956578,0,0
161.226785,0,0
162.490269,0,0
177.17504,0,0
200.515291,0,0
215.989753,0,0
223.154998,0,0
210.514487,0,0
206.446945,0,0
190.354802,0,0
195.114342,0,0
192.546326,0,0
193.092626,0,0
192.259026,0,0
199.852615,0,0
207.435787,0,0
179.975609,0,0
172.556993,0,0
187.74093,0,0
201.240812,0,0
188.86495,0,0
193.655928,0,0
200.554799,0,0
206.077704,0,0
203.403951,0,0
216.175818,0,0
233.621016,0,0
248.643472,0,0
281.446619,0,0
233.401998,0,0
235.866689,0,0
221.194597,0,0
227.544271,0,0
204.003571,0,0
203.377209,0,0
167.02586,0,0
143.978737,0,0
129.751204,0,0
129.835638,0,0
141.217761,0,0
149.713274,0,0
147.962283,0,0
148.242348,0,0
151.50228,0,0
148.478685,0,0
141.789775,0,0
149.644233,0,0
149.590486,0,0
152.229976,0,0
153.010804,0,0
167.825947,0,0
177.998323,0,0
183.782382,0,0
193.244191,0,0
194.975952,0,0
192.497611,0,0
197.314008,0,0
205.204073,0,0
205.436306,0,0
206.714749,0,0
204.262524,0,0
216.695952,0,0
219.712648,0,0
159.094108,0,0
178.952158,0,0
180.413926,0,0
173.607161,0,0
187.374894,0,0
184.871884,0,0
212.315475,0,0
206.524903,0,0
215.641798,0,0
211.730642,0,0
211.12478,0,0
182.943592,0,0
186.416851,0,0
156.800408,0,0
140.326429,0,0
140.218056,0,0
151.060702,0,0
151.714902,0,0
154.554076,0,0
156.836009,0,0
161.285433,0,0
155.024445,0,0
164.039107,0,0
171.983229,0,0
184.614759,0,0
189.349993,0,0
192.806362,0,0
200.442692,0,0
154.990278,0,0
165.737078,0,0
169.485608,0,0
173.436522,0,0
172.675357,0,0
179.786185,0,0
181.714961,0,0
179.755195,0,0
151.998362,0,0
156.448443,0,0
164.752578,0,0
164.185444,0,0
172.740927,0,0
183.601989,0,0
191.371652,0,0
186.887615,0,0
190.922268,0,0
163.003361,0,0
166.31137,0,0
171.013486,0,0
140.55515,0,0
154.619714,0,0
156.12541,0,0
165.581271,0,0
171.765045,0,0
184.100325,0,0
193.525999,0,0
204.441765,0,0
217.097948,0,0
204.464219,0,0
216.823355,0,0
217.810291,0,0
224.533613,0,0
201.142746,0,0
210.613012,0,0
165.230141,0,0
171.870744,0,0
184.498099,0,0
187.945307,0,0
187.191757,0,0
187.313603,0,0
159.242382,0,0
168.684064,0,0
172.122907,0,0
179.67426,0,0
190.550381,0,0
185.818628,0,0
197.778956,0,0
204.938365,0,0
184.170481,0,0
197.192148,0,0
205.506511,0,0
159.307419,0,0
165.94301,0,0
124.205639,0,0
135.64299,0,0
147.771562,0,0
161.367327,0,0
168.025023,0,0
184.696745,0,0
187.096367,0,0
192.340642,0,0
201.660789,0,0
192.453257,0,0
208.039059,0,0
213.830851,0,0
220.595379,0,0
230.049974,0,0
231.919455,0,0
242.660519,0,0
222.135281,0,0
230.55411,0,0
243.533658,0,0
244.27478,0,0
231.494421,0,0
242.659904,0,0
251.480618,0,0
229.1061,0,0
206.101167,0,0
880.820751,0,0
855.894108,0,0
858.68743,0,0
872.570369,0,0
856.758061,0,0
203.376086,0,0
210.427975,0,0
209.468177,0,0
211.634548,0,0
216.418383,0,0
184.351171,0,0
157.393969,0,0
168.760301,0,0
147.756771,0,0
155.114977,0,0
162.262717,0,0
189.176509,0,0
191.792142,0,0
213.372459,0,0
225.236136,0,0
240.933866,0,0
241.854452,0,0
192.914982,0,0
168.11064,0,0
183.693517,0,0
172.559734,0,0
183.214998,0,0
198.828704,0,0
204.289757,0,0
204.452256,0,0
182.198508,0,0
187.303701,0,0
187.426042,0,0
151.796031,0,0
154.771864,0,0
154.958753,0,0
157.180835,0,0
159.473971,0,0
171.362804,0,0
180.517083,0,0
189.070051,0,0
191.737635,0,0
195.735054,0,0
201.35912,0,0
185.006587,0,0
201.027176,0,0
214.987781,0,0
219.05059,0,0
219.693572,0,0
227.614215,0,0
235.032645,0,0
235.203044,0,0
220.743997,0,0
220.651322,0,0
220.501681,0,0
232.39999,0,0
175.966911,0,0
185.361727,0,0
162.54033,0,0
168.681869,0,0
171.853591,0,0
181.333328,0,0
187.56034,0,0
197.104871,0,0
217.599741,0,0
239.252585,0,0
240.101716,0,0
251.587947,0,0
255.843344,0,0
256.498292,0,0
231.365835,0,0
167.511538,0,0
179.098259,0,0
186.124045,0,0
175.420174,0,0
187.207134,0,0
189.877067,0,0
186.991147,0,0
187.238552,0,0
189.116235,0,0
186.892703,0,0
184.28416,0,0
185.452736,0,0
183.244282,0,0
183.474909,0,0
186.077482,0,0
195.672271,0,0
182.869219,0,0
200.427003,0,0
172.58207,0,0
177.06043,0,0
188.730146,0,0
194.584957,0,0
207.112257,0,0
201.275484,0,0
212.013877,0,0
215.064523,0,0
203.457974,0,0
171.319111,0,0
179.73237,0,0
146.646368,0,0
160.70864,0,0
163.657305,0,0
170.986026,0,0
166.653056,0,0
175.868287,0,0
183.372919,0,0
135.845987,0,0
144.093407,0,0
160.354087,0,0
176.360201,0,0
194.610315,0,0
191.940463,0,0
187.705138,0,0
198.413552,0,0
183.459249,0,0
155.119865,0,0
168.952501,0,0
188.931157,0,0
171.655469,0,0
181.408441,0,0
126.091205,0,0
132.660285,0,0
138.739031,0,0
149.891505,0,0
163.579694,0,0
171.247342,0,0
189.646213,0,0
195.153653,0,0
204.619894,0,0
216.066703,0,0
198.661787,0,0
203.474384,0,0
203.277251,0,0
172.264451,0,0
176.636112,0,0
182.527392,0,0
151.755644,0,0
154.261941,0,0
149.21566,0,0
158.813016,0,0
154.712096,0,0
150.79505,0,0
159.518809,0,0
175.541478,0,0
187.151636,0,0
191.317902,0,0
204.207883,0,0
176.958615,0,0
190.863054,0,0
201.050317,0,0
224.400543,0,0
221.649092,0,0
226.527283,0,0
245.31493,0,0
244.535596,0,0
253.337796,0,0
240.79866,0,0
248.97333,0,0
252.739119,0,0
199.332502,0,0
214.79049,0,0
220.757702,0,0
228.345018,0,0
232.884147,0,0
227.884189,0,0
235.794091,0,0
207.979668,0,0
215.446657,0,0
231.063334,0,0
233.800098,0,0
257.273185,0,0
256.312057,0,0
253.068687,0,0
227.488367,0,0
248.51696,0,0
195.001575,0,0
218.670234,0,0
219.338304,0,0
225.041152,0,0
253.986802,0,0
282.449313,0,0
277.313289,0,0
252.405084,0,0
276.600726,0,0
288.882887,0,0
188.777025,0,0
195.018861,0,0
180.400507,0,0
160.772843,0,0
186.710079,0,0
197.636532,0,0
218.204846,0,0
227.929775,0,0
222.791848,0,0
224.063265,0,0
211.376469,0,0
225.360514,0,0
211.855557,0,0
220.501809,0,0
235.528315,0,0
188.089381,0,0
194.948671,0,0
210.636075,0,0
177.418739,0,0
199.984344,0,0
211.071238,0,0
231.547565,0,0
236.366889,0,0
249.075998,0,0
272.258762,0,0
262.694967,0,0
279.349218,0,0
220.374288,0,0
227.091983,0,0
210.470134,0,0
231.383653,0,0
207.142117,0,0
224.83801,0,0
237.554982,0,0
221.576046,0,0
259.410747,0,0
248.782943,0,0
238.394657,0,0
213.077654,0,0
209.358667,0,0
173.659856,0,0
181.473568,0,0
173.424751,0,0
186.500554,0,0
193.52119,0,0
199.777909,0,0
195.055701,0,0
153.990722,0,0
164.276282,0,0
167.160218,0,0
150.868562,0,0
171.566609,0,0
194.610211,0,0
200.733224,0,0
198.644994,0,0
204.390014,0,0
204.837536,0,0
177.031546,0,0
175.317855,0,0
187.4351,0,0
200.092379,0,0
183.285227,0,0
164.113463,0,0
171.711137,0,0
172.223682,0,0
173.365676,0,0
171.71278,0,0
181.195752,0,0
188.365869,0,0
164.498382,0,0
171.64625,0,0
181.224757,0,0
194.171605,0,0
192.502297,0,0
190.848251,0,0
191.62139,0,0
199.749581,0,0
217.382254,0,0
208.908529,0,0
225.26916,0,0
236.757736,0,0
248.86237,0,0
251.244785,0,0
200.132498,0,0
199.737058,0,0
147.422517,0,0
159.321195,0,0
162.21828,0,0
171.353721,0,0
171.815587,0,0
184.075706,0,0
189.867647,0,0
199.466601,0,0
205.641395,0,0
214.171057,0,0
227.733225,0,0
221.648584,0,0
226.161438,0,0
226.065313,0,0
137.895709,0,0
139.584502,0,0
150.262653,0,0
149.341021,0,0
156.902235,0,0
171.96333,0,0
180.887849,0,0
192.66166,0,0
200.177618,0,0
219.210407,0,0
196.739636,0,0
203.454437,0,0
212.622772,0,0
210.95347,0,0
185.796136,0,0
197.554979,0,0
151.473122,0,0
151.859451,0,0
155.841288,0,0
162.533906,0,0
164.54104,0,0
164.152377,0,0
162.925117,0,0
163.303566,0,0
172.415065,0,0
170.975206,0,0
181.666536,0,0
190.409699,0,0
191.816789,0,0
195.878807,0,0
201.626815,0,0
184.530947,0,0
193.774177,0,0
208.394809,0,0
219.122749,0,0
236.254638,0,0
260.729254,0,0
289.146909,0,0
283.962308,0,0
300.178556,0,0
280.657604,0,0
278.991864,0,0
268.840435,0,0
173.352977,0,0
184.278951,0,0
128.64704,0,0
133.929516,0,0
139.406475,0,0
148.321408,0,0
155.118869,0,0
157.162183,0,0
152.530375,0,0
152.883462,0,0
163.620031,0,0
182.097211,0,0
188.150239,0,0
193.56299,0,0
199.108923,0,0
150.580561,0,0
171.93997,0,0
179.80765,0,0
193.96823,0,0
191.789292,0,0
208.054881,0,0
215.36105,0,0
203.468392,0,0
212.965511,0,0
186.434873,0,0
191.801925,0,0
197.101685,0,0
200.605743,0,0
186.319882,0,0
195.41838,0,0
196.087937,0,0
212.215492,0,0
201.065041,0,0
207.65773,0,0
217.203548,0,0
164.213798,0,0
180.780458,0,0
181.382665,0,0
187.534286,0,0
186.139733,0,0
197.344019,0,0
171.189253,0,0
180.445012,0,0
187.616755,0,0
205.034578,0,0
224.051398,0,0
228.616452,0,0
243.733148,0,0
251.414003,0,0
217.072426,0,0
204.121207,0,0
196.233021,0,0
200.912995,0,0
230.052825,0,0
235.728855,0,0
240.033985,0,0
266.936052,0,0
259.396452,0,0
272.079231,0,0
284.928932,0,0
283.394447,0,0
292.03783,0,0
272.727949,0,0
207.47662,0,0
161.926793,0,0
171.085292,0,0
173.900888,0,0
190.432958,0,0
192.140449,0,0
218.374684,0,0
210.115438,0,0
227.760969,0,0
213.530669,0,0
217.576517,0,0
222.82272,0,0
197.286128,0,0
207.361733,0,0
213.036384,0,0
192.808802,0,0
188.197161,0,0
195.799821,0,0
173.232421,0,0
182.938578,0,0
196.054344,0,0
203.234128,0,0
205.024675,0,0
211.955201,0,0
223.158016,0,0
223.22409,0,0
229.308257,0,0
200.364208,0,0
207.290908,0,0
214.059838,0,0
215.764826,0,0
216.598007,0,0
216.622047,0,0
227.835262,0,0
229.218776,0,0
240.177954,0,0
235.668306,0,0
236.978697,0,0
235.910337,0,0
239.639915,0,0
241.176716,0,0
250.810593,0,0
86.469381,0,0
96.487158,0,0
100.429491,0,0
110.642575,0,0
118.543864,0,0
124.087127,0,0
133.7199,0,0
2581.958924,0,0
2559.160712,0,0
2532.227899,0,0
2507.025481,0,0
253.876935,0,0
203.010752,0,0
191.934121,0,0
195.740509,0,0
201.135902,0,0
210.367346,0,0
223.296976,0,0
217.613862,0,0
231.108081,0,0
257.182783,0,0
206.957337,0,0
222.673679,0,0
220.279116,0,0
208.572807,0,0
209.486671,0,0
217.494261,0,0
219.359187,0,0
220.688202,0,0
220.393005,0,0
173.137753,0,0
184.373077,0,0
191.950614,0,0
204.523188,0,0
208.179282,0,0
220.749363,0,0
226.654826,0,0
168.180058,0,0
156.982119,0,0
183.463689,0,0
184.198366,0,0
176.635377,0,0
199.405267,0,0
214.166543,0,0
225.910761,0,0
241.677218,0,0
244.014137,0,0
242.793888,0,0
230.545107,0,0
226.238491,0,0
224.736359,0,0
227.400534,0,0
223.692288,0,0
187.964307,0,0
197.008292,0,0
204.149601,0,0
212.625145,0,0
220.856925,0,0
230.12095,0,0
243.385415,0,0
235.512638,0,0
223.190129,0,0
232.146359,0,0
238.05841,0,0
233.276418,0,0
252.43497,0,0
264.904081,0,0
274.985228,0,0
296.811366,0,0
316.470851,0,0
288.128126,0,0
187.126879,0,0
155.784206,0,0
164.441559,0,0
174.398394,0,0
168.919614,0,0
177.678504,0,0
184.333598,0,0
181.792206,0,0
179.809822,0,0
172.242353,0,0
171.111286,0,0
169.26659,0,0
177.605142,0,0
182.56723,0,0
186.108773,0,0
194.245108,0,0
204.805082,0,0
208.879407,0,0
207.751681,0,0
211.86409,0,0
203.679928,0,0
217.558084,0,0
187.517037,0,0
188.741089,0,0
202.706023,0,0
198.965119,0,0
173.05414,0,0
189.785926,0,0
200.504547,0,0
195.805664,0,0
208.347847,0,0
218.584568,0,0
232.786249,0,0
232.374681,0,0
213.831997,0,0
227.400055,0,0
222.755499,0,0
241.820602,0,0
260.588623,0,0
278.147008,0,0
258.128621,0,0
268.851538,0,0
284.392889,0,0
151.194414,0,0
166.092401,0,0
118.201344,0,0
113.340586,0,0
124.045507,0,0
131.632652,0,0
139.72561,0,0
141.616683,0,0
151.633517,0,0
160.226447,0,0
157.890539,0,0
160.063177,0,0
163.987262,0,0
162.044864,0,0
160.353977,0,0
168.946007,0,0
169.800069,0,0
176.597917,0,0
181.476362,0,0
183.073238,0,0
186.939217,0,0
186.166296,0,0
185.493229,0,0
154.686919,0,0
163.74319,0,0
168.870898,0,0
171.977874,0,0
174.778706,0,0
173.112042,0,0
171.415748,0,0
172.476667,0,0
175.285875,0,0
151.137953,0,0
151.380376,0,0
146.757638,0,0
162.648998,0,0
164.190909,0,0
170.206543,0,0
167.694137,0,0
173.823827,0,0
199.055892,0,0
162.456452,0,0
177.990039,0,0
184.080828,0,0
199.852725,0,0
213.11564,0,0
213.039019,0,0
209.332334,0,0
209.23538,0,0
212.261314,0,0
202.948633,0,0
203.741553,0,0
206.500371,0,0
228.188656,0,0
239.331605,0,0
260.900876,0,0
264.487708,0,0
268.342141,0,0
284.940142,0,0
270.4604,0,0
276.213836,0,0
298.475482,0,0
335.375074,0,0
359.291063,0,0
364.565992,0,0
374.155397,0,0
368.81645,0,0
368.618652,0,0
321.865543,0,0
311.177097,0,0
322.199132,0,0
301.904818,0,0
317.944792,0,0
327.251248,0,0
336.194092,0,0
345.387502,0,0
365.236579,0,0
310.804821,0,0
329.420178,0,0
282.30113,0,0
277.636932,0,0
241.657164,0,0
228.634608,0,0
217.195047,0,0
228.570903,0,0
203.825761,0,0
186.569846,0,0
195.673373,0,0
198.26456,0,0
200.084212,0,0
210.794878,0,0
212.060575,0,0
186.454419,0,0
128.874129,0,0
155.10954,0,0
181.955862,0,0
190.68821,0,0
197.307503,0,0
220.004847,0,0
205.740647,0,0
203.69907,0,0
172.570253,0,0
168.272896,0,0
179.526828,0,0
180.293211,0,0
189.855734,0,0
188.57739,0,0
188.275968,0,0
190.546554,0,0
157.393963,0,0
155.706495,0,0
155.244184,0,0
153.901687,0,0
162.555196,0,0
177.023842,0,0
176.539196,0,0
187.57401,0,0
204.227102,0,0
213.355364,0,0
194.372312,0,0
236.119147,0,0
221.285112,0,0
229.15501,0,0
256.770431,0,0
265.043928,0,0
240.789252,0,0
258.043116,0,0
236.408103,0,0
245.043132,0,0
251.198149,0,0
237.818322,0,0
252.584532,0,0
196.360493,0,0
201.451089,0,0
199.231338,0,0
172.618942,0,0
181.623901,0,0
188.028753,0,0
197.199279,0,0
207.069768,0,0
168.489256,0,0
178.793166,0,0
189.163045,0,0
188.358679,0,0
175.272501,0,0
176.364361,0,0
176.282369,0,0
187.743423,0,0
185.736077,0,0
183.060546,0,0
175.380805,0,0
195.125451,0,0
205.926426,0,0
208.696165,0,0
208.296815,0,0
216.180387,0,0
217.655469,0,0
229.236804,0,0
200.623422,0,0
219.412961,0,0
221.246668,0,0
230.243382,0,0
225.20194,0,0
218.062189,0,0
213.453003,0,0
230.549266,0,0
213.561362,0,0
225.001961,0,0
242.413321,0,0
254.137605,0,0
235.159411,0,0
228.350933,0,0
235.179605,0,0
200.02251,0,0
204.050426,0,0
215.16891,0,0
219.964274,0,0
197.228947,0,0
207.742806,0,0
207.257803,0,0
207.401052,0,0
210.715191,0,0
211.236621,0,0
212.380563,0,0
188.921637,0,0
195.949219,0,0
220.025858,0,0
223.736116,0,0
239.866377,0,0
237.20549,0,0
249.2723,0,0
263.1156,0,0
266.541967,0,0
183.84157,0,0
150.081203,0,0
145.499324,0,0
149.742168,0,0
156.020456,0,0
161.264911,0,0
160.750787,0,0
157.692912,0,0
152.490513,0,0
168.265339,0,0
169.02235,0,0
175.325599,0,0
183.745219,0,0
178.299245,0,0
189.978515,0,0
176.665901,0,0
168.11716,0,0
185.477142,0,0
191.786237,0,0
201.054172,0,0
210.88929,0,0
211.242385,0,0
219.762482,0,0
215.142541,0,0
220.492606,0,0
217.179775,0,0
208.237671,0,0
220.884808,0,0
241.689415,0,0
246.897029,0,0
258.430069,0,0
261.113493,0,0
271.17503,0,0
268.716408,0,0
275.72031,0,0
280.623653,0,0
275.053449,0,0
281.745319,0,0
101.015112,0,0
99.650131,0,0
121.854354,0,0
121.151207,0,0
129.692984,0,0
131.162426,0,0
157.216746,0,0
159.827759,0,0
166.64858,0,0
180.899147,0,0
170.55748,0,0
137.311673,0,0
152.038278,0,0
164.074022,0,0
183.350096,0,0
191.597426,0,0
188.077165,0,0
193.406248,0,0
191.342272,0,0
178.489539,0,0
171.490927,0,0
190.52753,0,0
189.862312,0,0
190.123788,0,0
197.023989,0,0
173.639731,0,0
171.905885,0,0
172.325939,0,0
172.431716,0,0
171.289483,0,0
172.542484,0,0
176.024976,0,0
196.162459,0,0
189.218631,0,0
199.977885,0,0
209.854909,0,0
203.398896,0,0
203.170558,0,0
204.117818,0,0
216.713107,0,0
233.995308,0,0
185.35885,0,0
204.960139,0,0
139.697383,0,0
149.083579,0,0
142.87424,0,0
132.341084,0,0
136.905154,0,0
153.66127,0,0
148.17981,0,0
156.093579,0,0
168.34618,0,0
167.855432,0,0
172.421293,0,0
194.521971,0,0
191.061184,0,0
160.68753,0,0
170.221312,0,0
198.944109,0,0
191.941372,0,0
218.506496,0,0
199.845217,0,0
198.24165,0,0
211.764106,0,0
212.068323,0,0
185.617076,0,0
181.93637,0,0
180.908524,0,0
171.388605,0,0
187.017971,0,0
194.108512,0,0
200.264391,0,0
196.619297,0,0
216.602226,0,0
195.553024,0,0
201.263286,0,0
199.209193,0,0
199.536125,0,0
204.407719,0,0
204.630692,0,0
204.094697,0,0
220.144764,0,0
232.540167,0,0
254.040423,0,0
257.124019,0,0
270.579383,0,0
276.451841,0,0
264.035731,0,0
242.431847,0,0
255.994884,0,0
214.930041,0,0
220.839946,0,0
216.792368,0,0
212.073103,0,0
223.755766,0,0
230.004924,0,0
225.743624,0,0
226.608729,0,0
245.923329,0,0
240.943306,0,0
249.387129,0,0
256.991141,0,0
268.232711,0,0
233.818174,0,0
242.771102,0,0
247.597728,0,0
212.566796,0,0
227.47803,0,0
230.551404,0,0
153.098826,0,0
163.475323,0,0
178.598444,0,0
183.05958,0,0
186.888907,0,0
183.972696,0,0
165.762231,0,0
180.140032,0,0
185.937593,0,0
184.865977,0,0
195.89891,0,0
163.996745,0,0
167.191114,0,0
168.209115,0,0
173.58685,0,0
175.695121,0,0
176.023755,0,0
184.463436,0,0
147.319079,0,0
140.849078,0,0
124.580241,0,0
136.304012,0,0
145.912585,0,0
157.693984,0,0
152.866897,0,0
149.05118,0,0
155.160856,0,0
163.546793,0,0
170.273857,0,0
188.303328,0,0
187.955921,0,0
204.853982,0,0
208.73577,0,0
212.231251,0,0
211.71552,0,0
217.954832,0,0
221.941039,0,0
192.431218,0,0
120.184038,0,0
127.905882,0,0
123.945272,0,0
132.793451,0,0
136.201772,0,0
148.834594,0,0
151.921326,0,0
150.467552,0,0
163.252427,0,0
171.601965,0,0
185.544563,0,0
193.236302,0,0
211.875156,0,0
213.568272,0,0
216.263793,0,0
204.139291,0,0
207.786336,0,0
211.133245,0,0
207.756241,0,0
219.113412,0,0
199.00134,0,0
51.385658,0,0
39.532959,0,0
71.59855,0,0
59.111915,0,0
53.004736,0,0
67.09106,0,0
75.707816,0,0
88.78906,0,0
108.576014,0,0
116.737199,0,0
120.046411,0,0
133.786096,0,0
140.065643,0,0
154.947626,0,0
169.64256,0,0
185.096571,0,0
192.605717,0,0
219.390671,0,0
234.345486,0,0
211.527029,0,0
225.322055,0,0
243.040676,0,0
264.330569,0,0
264.152195,0,0
253.943668,0,0
283.932418,0,0
289.266688,0,0
294.720487,0,0
277.873215,0,0
245.92769,0,0
182.699696,0,0
227.714807,0,0
235.681655,0,0
241.21042,0,0
256.209057,0,0
276.274086,0,0
192.916204,0,0
190.134472,0,0
196.171065,0,0
208.394001,0,0
210.37964,0,0
221.06701,0,0
216.029661,0,0
230.185081,0,0
261.860876,0,0
251.303048,0,0
249.425729,0,0
271.47704,0,0
268.872884,0,0
251.939382,0,0
260.968883,0,0
264.851025,0,0
236.498401,0,0
232.12699,0,0
220.011289,0,0
161.342078,0,0
160.318545,0,0
167.953583,0,0
174.731591,0,0
184.40434,0,0
184.465518,0,0
195.398825,0,0
203.819158,0,0
206.909013,0,0
187.279818,0,0
207.646251,0,0
192.506344,0,0
197.216377,0,0
201.867459,0,0
192.119132,0,0
192.847976,0,0
202.565192,0,0
198.636432,0,0
195.947914,0,0
168.323064,0,0
82.130782,0,0
72.471435,0,0
92.090018,0,0
102.335818,0,0
109.237451,0,0
116.841371,0,0
126.509615,0,0
156.338338,0,0
179.470254,0,0
196.815367,0,0
208.725719,0,0
223.132329,0,0
230.919837,0,0
213.591947,0,0
225.546711,0,0
216.745829,0,0
228.857568,0,0
214.657074,0,0
216.124954,0,0
207.890062,0,0
197.688959,0,0
183.747678,0,0
192.606154,0,0
208.671861,0,0
195.842241,0,0
198.963247,0,0
208.149667,0,0
227.364477,0,0
222.959789,0,0
235.192659,0,0
245.482753,0,0
247.417744,0,0
248.568435,0,0
215.879684,0,0
231.076244,0,0
212.270832,0,0
205.221916,0,0
214.654164,0,0
223.59179,0,0
229.184644,0,0
230.201266,0,0
233.833542,0,0
235.33614,0,0
183.555648,0,0
153.970036,0,0
163.365707,0,0
172.279013,0,0
189.649469,0,0
203.799623,0,0
212.71832,0,0
215.606527,0,0
211.485243,0,0
195.493938,0,0
185.596438,0,0
162.339265,0,0
168.808546,0,0
171.604981,0,0
180.809355,0,0
182.003334,0,0
187.740363,0,0
187.037533,0,0
182.545318,0,0
177.722782,0,0
186.537975,0,0
185.952473,0,0
185.997185,0,0
191.419039,0,0
204.919341,0,0
216.144512,0,0
217.314414,0,0
213.1415,0,0
213.30931,0,0
216.210553,0,0
188.205837,0,0
203.47841,0,0
214.987419,0,0
227.600594,0,0
237.032039,0,0
244.297806,0,0
267.59474,0,0
233.499824,0,0
154.321276,0,0
121.349689,0,0
127.198162,0,0
122.227983,0,0
148.70034,0,0
159.785885,0,0
165.968759,0,0
177.817871,0,0
192.852126,0,0
197.842206,0,0
217.625607,0,0
219.643995,0,0
225.516731,0,0
238.958315,0,0
175.413696,0,0
168.706911,0,0
155.997059,0,0
157.123091,0,0
157.032144,0,0
155.231263,0,0
159.660001,0,0
159.113568,0,0
160.475912,0,0
168.241222,0,0
172.038647,0,0
171.734958,0,0
175.778648,0,0
175.823971,0,0
188.499173,0,0
193.168737,0,0
191.324196,0,0
167.916851,0,0
175.003894,0,0
177.322416,0,0
183.918421,0,0
194.08816,0,0
204.142202,0,0
213.84554,0,0
205.734999,0,0
219.213844,0,0
239.153413,0,0
266.333187,0,0
275.364401,0,0
280.185091,0,0
295.388751,0,0
255.452948,0,0
234.651812,0,0
224.917471,0,0
234.435275,0,0
222.414313,0,0
230.408564,0,0
249.551418,0,0
264.874101,0,0
214.161239,0,0
233.00435,0,0
215.083697,0,0
221.155447,0,0
231.112736,0,0
241.585831,0,0
260.672413,0,0
264.899236,0,0
194.052552,0,0
203.141135,0,0
197.917905,0,0
149.552947,0,0
147.289013,0,0
143.945633,0,0
168.615139,0,0
170.649848,0,0
163.79658,0,0
183.08694,0,0
126.222342,0,0
144.54463,0,0
150.797797,0,0
143.885643,0,0
155.984868,0,0
155.101949,0,0
167.278445,0,0
161.553621,0,0
167.033262,0,0
166.150985,0,0
175.311661,0,0
172.446685,0,0
168.472808,0,0
176.692587,0,0
176.384838,0,0
175.405,0,0
181.38033,0,0
179.974384,0,0
184.191025,0,0
195.076962,0,0
193.707094,0,0
191.88829,0,0
202.161009,0,0
217.438765,0,0
238.490497,0,0
237.718669,0,0
254.28213,0,0
261.126927,0,0
270.358481,0,0
253.260919,0,0
220.559918,0,0
232.455904,0,0
260.186426,0,0
239.26872,0,0
252.518199,0,0
269.947059,0,0
290.133197,0,0
241.119707,0,0
195.300373,0,0
189.091949,0,0
187.167194,0,0
181.099672,0,0
187.80101,0,0
197.93742,0,0
211.711549,0,0
218.997536,0,0
234.284998,0,0
251.391633,0,0
271.689927,0,0
240.772133,0,0
223.123146,0,0
135.376585,0,0
145.69097,0,0
156.808048,0,0
165.645958,0,0
176.144209,0,0
190.332615,0,0
196.030533,0,0
211.596987,0,0
220.700272,0,0
200.250418,0,0
216.042167,0,0
218.331449,0,0
232.068628,0,0
249.915867,0,0
251.60117,0,0
215.788132,0,0
220.14492,0,0
226.708751,0,0
172.924718,0,0
181.215799,0,0
181.192319,0,0
193.446275,0,0
203.792863,0,0
212.692219,0,0
222.73783,0,0
230.873599,0,0
236.857737,0,0
239.745367,0,0
236.611367,0,0
214.902547,0,0
215.476034,0,0
213.414824,0,0
221.112991,0,0
172.310716,0,0
187.968345,0,0
190.984293,0,0
199.374049,0,0
219.749039,0,0
224.721567,0,0
226.5282,0,0
229.281324,0,0
167.279743,0,0
